DEPRECATED_API,KNOWN_REPLACEMENT,MENTIONED_IN_REL_NOTES,Rplcmt found in RST,correct RST ?,correct code ?,final wrongs,final correct rplcmt ?,PROPOSED_REPLACEMENT,EXTRACT_FROM_DOCUMENTATION,,,,,,,,,,,,,,,,,,,,,,,,,,,,,,,,,,,,,,,,,,,,,,,,,,
scipy.rand,numpy.random.rand,1,1,0,,1,0,['scipy.fft'],dataRST/scipy/1.4.0-notes.rst and will be removed in 2.0.0. For example,if you use ``scipy.rand`` or ``scipy.diag``,you should change your code to directly use ``numpy.random.default_rng`` or ``numpy.diag``,respectively. They remain available in the currently continuing Scipy 1.x release series. The exception to this rule is using ``scipy.fft`` as a function --,,,,,,,,,,,,,,,,,,,,,,,,,,,,,,,,,,,,,,,,,,,,,,,
scipy.diag,numpy.diag,1,1,0,,1,0,['scipy.fft'],dataRST/scipy/1.4.0-notes.rst ``scipy.diag``,you should change your code to directly use ``numpy.random.default_rng`` or ``numpy.diag``,respectively. They remain available in the currently continuing Scipy 1.x release series. The exception to this rule is using ``scipy.fft`` as a function -- :mod:`scipy.fft` is now meant to be used only as a module,so the ability to,,,,,,,,,,,,,,,,,,,,,,,,,,,,,,,,,,,,,,,,,,,,,,,
scipy.misc.bytescale,skimage.util.img_as_ubyte,1,,0,,,0,,dataRST/scipy/0.19.0-notes.rst - `#6552 <https://github.com/scipy/scipy/issues/6552>`__: BUG: misc.bytescale returns unexpected results when using cmin/cmax... - `#6556 <https://github.com/scipy/scipy/issues/6556>`__: RectSphereBivariateSpline(u,v,r) fails if min(v) >= pi - `#6559 <https://github.com/scipy/scipy/issues/6559>`__: Differential_evolution maxiter causing memory overflow - `#6565 <https://github.com/scipy/scipy/issues/6565>`__: Coverage of spectral functions could be improved - `#6628 <https://github.com/scipy/scipy/issues/6628>`__: Incorrect parameter name in binomial documentation,,,,,,,,,,,,,,,,,,,,,,,,,,,,,,,,,,,,,,,,,,,,,,,,
scipy.misc.fromimage,numpy.asarray(im),1,1,1,1,,1,['scipy.misc'],dataRST/scipy/0.17.0-notes.rst - `#5505 <https://github.com/scipy/scipy/pull/5505>`__: BUG: misc: Ensure fromimage converts mode 'P' to 'RGB' or 'RGBA'. - `#5514 <https://github.com/scipy/scipy/pull/5514>`__: DOC: further update the release notes - `#5515 <https://github.com/scipy/scipy/pull/5515>`__: ENH: optionally disable fixed-point acceleration - `#5517 <https://github.com/scipy/scipy/pull/5517>`__: DOC: Improvements and additions to the matrix_normal doc - `#5518 <https://github.com/scipy/scipy/pull/5518>`__: Remove wrappers for LAPACK deprecated routines dataRST/scipy/1.0.0-notes.rst ``fromimage``,``imfilter``,``imread``,``imresize``,``imrotate``,``imsave``,``imshow`` and ``toimage``. Most of those functions have unexpected behavior (like rescaling and type casting image data without the user asking for that). Other functions simply have better alternatives. ``scipy.interpolate.interpolate_wrapper`` and all functions in that submodule dataRST/scipy/1.3.0-notes.rst ``fromimage``,``imfilter``,``imread``,``imresize``,``imrotate``,``imsave``,``imshow``,``toimage``) have been removed. The former set has been deprecated since v0.19.0 and the latter has been deprecated since v1.0.0. Similarly,aliases from ``scipy.misc`` (``comb``,``factorial``,``factorial2``,``factorialk``,``logsumexp``,``pade``,``info``,``source``,,,,,,,,,,,,,,,,,,,,,,,,,,,,,
scipy.misc.imread,imageio.imread,0,,0,1,,1,,['mode'],dataRST/scipy/0.17.0-notes.rst which a ``mode`` argument was added to `scipy.misc.imread`. Also,bugs for 1-bit and indexed RGB image formats were fixed. ``runtests.py``,the development script to build and test Scipy,now allows building in parallel with ``--parallel``. Authors - `#2138 <https://github.com/scipy/scipy/issues/2138>`__: scipy.misc.imread segfaults on 1 bit png (Trac #1613) - `#2237 <https://github.com/scipy/scipy/issues/2237>`__: distributions do not accept complex arguments (Trac #1718) - `#2282 <https://github.com/scipy/scipy/issues/2282>`__: scipy.special.hyp1f1(0.5,1.5,-1000) fails (Trac #1763) - `#2618 <https://github.com/scipy/scipy/issues/2618>`__: poisson.pmf returns NaN if mu is 0 - `#2957 <https://github.com/scipy/scipy/issues/2957>`__: hyp1f1 precision issue,,,,,,,,,,,,,,,,,,,,,,,,,,,,,,,,,,,,,,,,,,,,
scipy.misc.imresize,Image.fromarray(<arr>).resize(),0,,0,1,,1,,dataRST/scipy/1.0.0-notes.rst - `#4458 <https://github.com/scipy/scipy/issues/4458>`__: scipy.misc.imresize changes image range - `#4575 <https://github.com/scipy/scipy/issues/4575>`__: Docs for L-BFGS-B mention non-existent parameter - `#4893 <https://github.com/scipy/scipy/issues/4893>`__: misc.imsave does not work with file type defined - `#5231 <https://github.com/scipy/scipy/issues/5231>`__: Discrepancies in scipy.optimize.minimize(method='L-BFGS-B') - `#5238 <https://github.com/scipy/scipy/issues/5238>`__: Optimal leaf ordering in scipy.cluster.hierarchy.dendrogram - `#6417 <https://github.com/scipy/scipy/issues/6417>`__: scipy.misc.imresize converts images to uint8 - `#6618 <https://github.com/scipy/scipy/issues/6618>`__: splrep and splprep inconsistent - `#6854 <https://github.com/scipy/scipy/issues/6854>`__: Support PEP 519 in I/O functions - `#6921 <https://github.com/scipy/scipy/issues/6921>`__: [Feature request] Random unitary matrix - `#6930 <https://github.com/scipy/scipy/issues/6930>`__: ``uniform_filter1d`` appears to truncate rather than round when output...,,,,,,,,,,,,,,,,,,,,,,,,,,,,,,,,,,,,,,,,,,,,,,,,,,
scipy.misc.imrotate,skimage.transform.rotate,0,,0,1,,1,,['scipy.misc'],dataRST/scipy/1.0.0-notes.rst ``fromimage``,``imfilter``,``imread``,``imresize``,``imrotate``,``imsave``,``imshow`` and ``toimage``. Most of those functions have unexpected behavior (like rescaling and type casting image data without the user asking for that). Other functions simply have better alternatives. ``scipy.interpolate.interpolate_wrapper`` and all functions in that submodule dataRST/scipy/1.3.0-notes.rst ``fromimage``,``imfilter``,``imread``,``imresize``,``imrotate``,``imsave``,``imshow``,``toimage``) have been removed. The former set has been deprecated since v0.19.0 and the latter has been deprecated since v1.0.0. Similarly,aliases from ``scipy.misc`` (``comb``,``factorial``,``factorial2``,``factorialk``,``logsumexp``,``pade``,``info``,``source``,,,,,,,,,,,,,,,,,,,,,,,,,,,,
scipy.misc.imsave,imageio.imwrite,0,,0,1,,1,,dataRST/scipy/1.0.0-notes.rst - `#3154 <https://github.com/scipy/scipy/issues/3154>`__: scipy.misc.imsave creates wrong bitmap header - `#3505 <https://github.com/scipy/scipy/issues/3505>`__: scipy.linalg.lstsq() residual's help text is a lil strange - `#3808 <https://github.com/scipy/scipy/issues/3808>`__: Is Brent's method for minimizing the value of a function implemented... - `#4121 <https://github.com/scipy/scipy/issues/4121>`__: Add cdf() method to stats.multivariate_normal - `#4458 <https://github.com/scipy/scipy/issues/4458>`__: scipy.misc.imresize changes image range,,,,,,,,,,,,,,,,,,,,,,,,,,,,,,,,,,,,,,,,,,,,,,,,,,
scipy.misc.imshow,matplotlib.pyplot.imshow,0,1,0,1,,1,['scipy.misc'],dataRST/scipy/1.0.0-notes.rst ``imsave``,``imshow`` and ``toimage``. Most of those functions have unexpected behavior (like rescaling and type casting image data without the user asking for that). Other functions simply have better alternatives. ``scipy.interpolate.interpolate_wrapper`` and all functions in that submodule are deprecated. This was a never finished set of wrapper functions which is - `#6242 <https://github.com/scipy/scipy/issues/6242>`__: Inconsistency / duplication for imread and imshow,imsave - `#6265 <https://github.com/scipy/scipy/issues/6265>`__: BUG: signal.iirfilter of bandpass type is unstable when high... - `#6370 <https://github.com/scipy/scipy/issues/6370>`__: ``scipy.optimize.linear_sum_assignment`` hangs on undefined matrix - `#6417 <https://github.com/scipy/scipy/issues/6417>`__: scipy.misc.imresize converts images to uint8 - `#6618 <https://github.com/scipy/scipy/issues/6618>`__: splrep and splprep inconsistent dataRST/scipy/1.3.0-notes.rst ``imsave``,``imshow``,``toimage``) have been removed. The former set has been deprecated since v0.19.0 and the latter has been deprecated since v1.0.0. Similarly,aliases from ``scipy.misc`` (``comb``,``factorial``,``factorial2``,``factorialk``,``logsumexp``,``pade``,``info``,``source``,``who``) which have been deprecated since v1.0.0 are removed.,,,,,,,,,,,,,,,,,,,,,,,,,,,,,,,,,,,,,
scipy.misc.toimage,Image.fromarray,,,0,1,,1,,dataRST/scipy/1.0.0-notes.rst - `#2300 <https://github.com/scipy/scipy/issues/2300>`__: scipy.misc.toimage (and therefore imresize) converts to uint32... - `#2347 <https://github.com/scipy/scipy/issues/2347>`__: Several ``misc.im*`` functions incorrectly handle 3 or 4-channeled... - `#2442 <https://github.com/scipy/scipy/issues/2442>`__: scipy.misc.pilutil -> scipy.ndimage? - `#2829 <https://github.com/scipy/scipy/issues/2829>`__: Mingw Gfortran on Windows? - `#3154 <https://github.com/scipy/scipy/issues/3154>`__: scipy.misc.imsave creates wrong bitmap header,,,,,,,,,,,,,,,,,,,,,,,,,,,,,,,,,,,,,,,,,,,,,,,,,,
scipy.misc.comb,scipy.special.comb,0,1,0,,1,0,['dual_annealing'] ['scipy.misc'],dataRST/scipy/0.14.0-notes.rst for combining ``optimize.basinhopping()`` with custom local optimizer routines. ``scipy.stats`` improvements ---------------------------- A new class `scipy.stats.multivariate_normal` with functionality for multivariate normal random variables has been added. dataRST/scipy/0.15.0-notes.rst The new function `scipy.stats.combine_pvalues` implements Fisher's and Stouffer's methods for combining p-values. `scipy.stats.describe` returns a namedtuple rather than a tuple,allowing users to access results by index or by name. Deprecated features and Stouffer's methods for combining p-values. `scipy.stats.describe` returns a namedtuple rather than a tuple,allowing users to access results by index or by name. Deprecated features =================== - `#2343 <https://github.com/scipy/scipy/issues/2343>`__: scipy.insterpolate's splrep function fails with certain combinations... - `#2669 <https://github.com/scipy/scipy/issues/2669>`__: .signal.ltisys.ss2tf should only apply to MISO systems in current... - `#2911 <https://github.com/scipy/scipy/issues/2911>`__: interpolate.splder() failure on Fedora - `#3171 <https://github.com/scipy/scipy/issues/3171>`__: future of weave in scipy - `#3176 <https://github.com/scipy/scipy/issues/3176>`__: Suggestion to improve error message in scipy.integrate.odeint dataRST/scipy/0.16.0-notes.rst - `#4333 <https://github.com/scipy/scipy/pull/4333>`__: MAINT: import comb,factorial from scipy.special,not scipy.misc - `#4338 <https://github.com/scipy/scipy/pull/4338>`__: TST: more conversions from nose to numpy.testing - `#4339 <https://github.com/scipy/scipy/pull/4339>`__: MAINT: remove the deprecated all_mat function from special_matrices.py - `#4340 <https://github.com/scipy/scipy/pull/4340>`__: add several features to frozen distributions - `#4344 <https://github.com/scipy/scipy/pull/4344>`__: BUG: Fix/test invalid lwork param in qr dataRST/scipy/0.18.0-notes.rst - `#5136 <https://github.com/scipy/scipy/pull/5136>`__: Attribute kurtosistest() to Anscombe & Glynn (1983) - `#5186 <https://github.com/scipy/scipy/pull/5186>`__: ENH: Port upfirdn - `#5232 <https://github.com/scipy/scipy/pull/5232>`__: ENH: adding spherical Voronoi diagram algorithm to scipy.spatial - `#5279 <https://github.com/scipy/scipy/pull/5279>`__: ENH: Bessel filters with different normalizations,high order - `#5384 <https://github.com/scipy/scipy/pull/5384>`__: BUG: Closes #5027 distance function always casts bool to double - `#5965 <https://github.com/scipy/scipy/pull/5965>`__: ENH: special: faster way for calculating comb() for exact=True - `#5975 <https://github.com/scipy/scipy/pull/5975>`__: ENH: Improve FIR path of signal.decimate - `#5977 <https://github.com/scipy/scipy/pull/5977>`__: MAINT/BUG: sparse: remove overzealous bmat checks - `#5978 <https://github.com/scipy/scipy/pull/5978>`__: minimize_neldermead() stop at user requested maxiter or maxfev - `#5983 <https://github.com/scipy/scipy/pull/5983>`__: ENH: make sparse `sum` cast dtypes like NumPy `sum` for 32-bit... - `#6032 <https://github.com/scipy/scipy/pull/6032>`__: MAINT: Add special/_comb.c to .gitignore - `#6033 <https://github.com/scipy/scipy/pull/6033>`__: BUG: check the requested approximation rank in interpolative.svd - `#6034 <https://github.com/scipy/scipy/pull/6034>`__: DOC: Doc for mannwhitneyu in stats.py corrected - `#6040 <https://github.com/scipy/scipy/pull/6040>`__: FIX: Edit the wrong link in f_oneway - `#6044 <https://github.com/scipy/scipy/pull/6044>`__: BUG: (ordqz) always increase parameter lwork by 1. dataRST/scipy/0.7.1-notes.rst - #946: ellpj: fix segfault on Mac OS X/python 2.6 combination. - ive,jve,yve,kv,kve: with real-valued input,return nan for out-of-domain instead of returning only the real part of the result. Also,when ``scipy.special.errprint(1)`` has been enabled,warning messages are now issued as Python warnings instead of printing them to dataRST/scipy/1.1.0-notes.rst * `#8694 <https://github.com/scipy/scipy/issues/8694>`__: linalg:TestSolve.test_all_type_size_routine_combinations fails... * `#8703 <https://github.com/scipy/scipy/issues/8703>`__: Q: Does runtests.py --refguide-check need env (or other) variables... Pull requests for 1.1.0 ----------------------- * `#6590 <https://github.com/scipy/scipy/pull/6590>`__: BUG: sparse: fix custom rvs callable argument in sparse.random dataRST/scipy/1.2.0-notes.rst - new ``dual_annealing`` optimization method that combines stochastic and local deterministic searching - a new optimization algorithm,``shgo`` (simplicial homology global optimization),for derivative-free optimization problems - a new category of quaternion-based transformations are available in * `#9238 <https://github.com/scipy/scipy/pull/9238>`__: BENCH: limit number of parameter combinations in spatial.*KDTree... * `#9239 <https://github.com/scipy/scipy/pull/9239>`__: DOC: stats: Fix LaTeX markup of a couple distribution PDFs. * `#9241 <https://github.com/scipy/scipy/pull/9241>`__: ENH: Evaluate plateau size during peak finding * `#9242 <https://github.com/scipy/scipy/pull/9242>`__: ENH: stats: Implement _ppf and _logpdf for crystalball,and do... * `#9246 <https://github.com/scipy/scipy/pull/9246>`__: DOC: Properly render versionadded directive in HTML documentation dataRST/scipy/1.3.0-notes.rst (geometric standard deviation) were added. The `scipy.stats.combine_pvalues` method now supports ``pearson``,``tippett`` and ``mudholkar_george`` pvalue combination methods. The `scipy.stats.ortho_group` and `scipy.stats.special_ortho_group` ``rvs(dim)`` functions' algorithms were updated from a ``O(dim^4)`` combination methods. The `scipy.stats.ortho_group` and `scipy.stats.special_ortho_group` ``rvs(dim)`` functions' algorithms were updated from a ``O(dim^4)`` implementation to a ``O(dim^3)`` which gives large speed improvements for ``dim>100``. Similarly,aliases from ``scipy.misc`` (``comb``,``factorial``,``factorial2``,``factorialk``,``logsumexp``,``pade``,``info``,``source``,``who``) which have been deprecated since v1.0.0 are removed. `SciPy documentation for v1.1.0 <https://docs.scipy.org/doc/scipy-1.1.0/reference/misc.html>`__ * `#9660 <https://github.com/scipy/scipy/pull/9660>`__: ENH: add pearson,tippett,and mudholkar-george to combine_pvalues * `#9661 <https://github.com/scipy/scipy/pull/9661>`__: BUG: Fix ksone right-hand endpoint,documentation and tests. * `#9664 <https://github.com/scipy/scipy/pull/9664>`__: ENH: adding multi-target dijsktra performance enhancement * `#9670 <https://github.com/scipy/scipy/pull/9670>`__: MAINT: link planck and geometric distribution in scipy.stats * `#9676 <https://github.com/scipy/scipy/pull/9676>`__: ENH: optimize: change default linprog method to interior-point dataRST/scipy/1.4.0-notes.rst * `#10142 <https://github.com/scipy/scipy/pull/10142>`__: DOC: return value of scipy.special.comb * `#10143 <https://github.com/scipy/scipy/pull/10143>`__: MAINT: Loosen linprog tol * `#10152 <https://github.com/scipy/scipy/pull/10152>`__: BUG: Fix custom sampling input for shgo,add unittest * `#10154 <https://github.com/scipy/scipy/pull/10154>`__: MAINT: add moments and improve doc of mielke in scipy.stats * `#10158 <https://github.com/scipy/scipy/pull/10158>`__: Issue #6999: read zlib checksum before checking bytes read. dataRST/scipy/1.5.0-notes.rst outputs may now be shorter for some combinations of up/down ratios and input signal and filter lengths. `scipy.signal.resample` now supports a ``domain`` keyword argument for specification of time or frequency domain input. `scipy.stats` changes * `#12044 <https://github.com/scipy/scipy/pull/12044>`__: MAINT: combine apt-get update and apt-get install into one RUN * `#12045 <https://github.com/scipy/scipy/pull/12045>`__: TST: Reduce size of test_diagonal_types to speed up tests * `#12046 <https://github.com/scipy/scipy/pull/12046>`__: MAINT: Remove unused npy_3kcompat.h * `#12047 <https://github.com/scipy/scipy/pull/12047>`__: MAINT: Cython 3.0 compat * `#12050 <https://github.com/scipy/scipy/pull/12050>`__: DOC: add download number badges of PyPI and conda-forge in README.rst dataRST/scipy/1.5.3-notes.rst * `#12654 <https://github.com/scipy/scipy/issues/12654>`__: scipy.stats.combine_pvalues produces wrong results with method='mudholkar_george' * `#12819 <https://github.com/scipy/scipy/issues/12819>`__: BUG: Scipy Sparse slice indexing assignment Bug with zeros * `#12834 <https://github.com/scipy/scipy/issues/12834>`__: BUG: ValueError upon calling Scipy Interpolator objects * `#12836 <https://github.com/scipy/scipy/issues/12836>`__: ndimage.median can return incorrect values for integer inputs * `#12860 <https://github.com/scipy/scipy/issues/12860>`__: Build failure with Xcode 12 * `#12724 <https://github.com/scipy/scipy/pull/12724>`__: BUG: per #12654 adjusted mudholkar_george method to combine p... * `#12726 <https://github.com/scipy/scipy/pull/12726>`__: BUG: Fix DOP853 error norm for complex problems * `#12730 <https://github.com/scipy/scipy/pull/12730>`__: CI: pin xdist for Azure windows * `#12786 <https://github.com/scipy/scipy/pull/12786>`__: BUG: stats: Fix formula in the \`stats\` method of the ARGUS... * `#12795 <https://github.com/scipy/scipy/pull/12795>`__: CI: Pin setuptools on windows CI dataRST/scipy/1.6.0-notes.rst `scipy.signal.iircomb` has been added to design IIR peaking/notching comb filters that can boost/attenuate a frequency from a signal. `scipy.signal.sosfilt` performance has been improved to avoid some previously- observed slowdowns `scipy.signal.windows.taylor` has been added--the Taylor window function is * `#11558 <https://github.com/scipy/scipy/issues/11558>`__: ENH: IIR comb filter * `#11559 <https://github.com/scipy/scipy/issues/11559>`__: BUG: iirdesign doesn't fail for frequencies above Nyquist * `#11567 <https://github.com/scipy/scipy/issues/11567>`__: scipy.signal.iirdesign doesn't check consistency of wp and ws... * `#11654 <https://github.com/scipy/scipy/issues/11654>`__: ENH: Add Negative Hypergeometric Distribution * `#11720 <https://github.com/scipy/scipy/issues/11720>`__: BUG: stats: wrong shape from median_absolute_deviation for arrays... * `#12476 <https://github.com/scipy/scipy/pull/12476>`__: ENH: add IIR comb filter to scipy.signal * `#12484 <https://github.com/scipy/scipy/pull/12484>`__: Fix documentation for minimize * `#12486 <https://github.com/scipy/scipy/pull/12486>`__: DOC: add a note in poisson distribution when mu=0 and k=0 in... * `#12491 <https://github.com/scipy/scipy/pull/12491>`__: MAINT: forward port 1.5.1 release notes * `#12508 <https://github.com/scipy/scipy/pull/12508>`__: Fix exception causes all over the codebase dataRST/scipy/1.8.0-notes.rst * `#14291 <https://github.com/scipy/scipy/pull/14291>`__: TST: split combined LSAP input validation tests up * `#14293 <https://github.com/scipy/scipy/pull/14293>`__: MAINT: remove the last deprecated \`PyEval_\*\` usages * `#14294 <https://github.com/scipy/scipy/pull/14294>`__: ENH: Annotate array dtypes in \`scipy.spatial.ckdtree\` and \`distance\` * `#14295 <https://github.com/scipy/scipy/pull/14295>`__: MAINT: move LSAP input validation into lsap_module * `#14297 <https://github.com/scipy/scipy/pull/14297>`__: DOC: Make code block an Item List,,,,,,,,,,,,,,,,,,,,,
scipy.misc.factorial,scipy.special.factorial,1,1,0,,1,0,['scipy.misc'],dataRST/scipy/0.16.0-notes.rst - `#4333 <https://github.com/scipy/scipy/pull/4333>`__: MAINT: import comb,factorial from scipy.special,not scipy.misc - `#4338 <https://github.com/scipy/scipy/pull/4338>`__: TST: more conversions from nose to numpy.testing - `#4339 <https://github.com/scipy/scipy/pull/4339>`__: MAINT: remove the deprecated all_mat function from special_matrices.py - `#4340 <https://github.com/scipy/scipy/pull/4340>`__: add several features to frozen distributions - `#4344 <https://github.com/scipy/scipy/pull/4344>`__: BUG: Fix/test invalid lwork param in qr dataRST/scipy/0.18.0-notes.rst - `#5693 <https://github.com/scipy/scipy/pull/5693>`__: ENH: use math.factorial for exact factorials - `#5695 <https://github.com/scipy/scipy/pull/5695>`__: DOC: dx might be a float,not only an integer - `#5699 <https://github.com/scipy/scipy/pull/5699>`__: MAINT: io: micro-optimize Matlab reading code for size - `#5701 <https://github.com/scipy/scipy/pull/5701>`__: Implement OptimizeResult.__dir__ - `#5703 <https://github.com/scipy/scipy/pull/5703>`__: ENH: stats: make RÂ² printing optional in probplot - `#6020 <https://github.com/scipy/scipy/pull/6020>`__: WIP: ENH: add exact=True factorial for vectors - `#6022 <https://github.com/scipy/scipy/pull/6022>`__: Added 'lanczos' to the image interpolation function list. - `#6024 <https://github.com/scipy/scipy/pull/6024>`__: BUG: optimize: do not use dummy constraints in SLSQP when no... - `#6025 <https://github.com/scipy/scipy/pull/6025>`__: ENH: Boundary value problem solver for ODE systems - `#6029 <https://github.com/scipy/scipy/pull/6029>`__: MAINT: Future imports for optimize._lsq dataRST/scipy/1.2.2-notes.rst * `#10056 <https://github.com/scipy/scipy/pull/10056>`__: BUG: Ensure factorial is not too large in kendaltau * `#9991 <https://github.com/scipy/scipy/pull/9991>`__: BUG: Avoid inplace modification of input array in newton * `#9788 <https://github.com/scipy/scipy/pull/9788>`__: TST,BUG: f2py-related issues with NumPy < 1.14.0 * `#9749 <https://github.com/scipy/scipy/pull/9749>`__: BUG: MapWrapper.__exit__ should terminate * `#10141 <https://github.com/scipy/scipy/pull/10141>`__: Update description for nnz on csc.py dataRST/scipy/1.3.0-notes.rst Similarly,aliases from ``scipy.misc`` (``comb``,``factorial``,``factorial2``,``factorialk``,``logsumexp``,``pade``,``info``,``source``,``who``) which have been deprecated since v1.0.0 are removed. `SciPy documentation for v1.1.0 <https://docs.scipy.org/doc/scipy-1.1.0/reference/misc.html>`__ ``factorial2``,``factorialk``,``logsumexp``,``pade``,``info``,``source``,``who``) which have been deprecated since v1.0.0 are removed. `SciPy documentation for v1.1.0 <https://docs.scipy.org/doc/scipy-1.1.0/reference/misc.html>`__ can be used to track the new import locations for the relocated functions. * `#10056 <https://github.com/scipy/scipy/pull/10056>`__: BUG: Ensure factorial is not too large in kendaltau * `#10058 <https://github.com/scipy/scipy/pull/10058>`__: Small speedup in samping from ortho and special_ortho groups * `#10059 <https://github.com/scipy/scipy/pull/10059>`__: BUG: optimize: fix #10038 by increasing tol * `#10061 <https://github.com/scipy/scipy/pull/10061>`__: BLD: DOC: make building docs easier by parsing python version. * `#10064 <https://github.com/scipy/scipy/pull/10064>`__: ENH: Significant speedup for ortho and special ortho group dataRST/scipy/1.4.0-notes.rst * `#7400 <https://github.com/scipy/scipy/issues/7400>`__: BUG(?): special: factorial and factorial2 return a 0-dimensional... * `#7434 <https://github.com/scipy/scipy/issues/7434>`__: Testing of scipy.stats continuous distributions misses 25 distributions * `#7491 <https://github.com/scipy/scipy/issues/7491>`__: Several scipy.stats distributions (fisk,burr,burr12,f) return... * `#7759 <https://github.com/scipy/scipy/issues/7759>`__: Overflow in stats.kruskal for large samples * `#7906 <https://github.com/scipy/scipy/issues/7906>`__: Wrong result from scipy.interpolate.UnivariateSpline.integral... * `#10954 <https://github.com/scipy/scipy/pull/10954>`__: BUG: special: fix \`factorial\` return type for 0-d inputs * `#10955 <https://github.com/scipy/scipy/pull/10955>`__: MAINT: Relax the assert_unitary atol value * `#10956 <https://github.com/scipy/scipy/pull/10956>`__: WIP: make pdtr(int,double) be pdtr(double,double) * `#10957 <https://github.com/scipy/scipy/pull/10957>`__: BUG: Ensure full binary compatibility of long double test data * `#10964 <https://github.com/scipy/scipy/pull/10964>`__: ENH: Make Slerp callable with a scalar argument dataRST/scipy/1.5.0-notes.rst * `#11022 <https://github.com/scipy/scipy/issues/11022>`__: Unexpected Result in factorial function with NaN input * `#11028 <https://github.com/scipy/scipy/issues/11028>`__: Documentation error in optimize.minimize * `#11058 <https://github.com/scipy/scipy/issues/11058>`__: Adding logsoftmax function * `#11076 <https://github.com/scipy/scipy/issues/11076>`__: ValueError: Unknown wave file format * `#11090 <https://github.com/scipy/scipy/issues/11090>`__: Misconception of the median absolute deviation in stats? * `#11254 <https://github.com/scipy/scipy/pull/11254>`__: MAINT: make special.factorial handle nan correctly * `#11256 <https://github.com/scipy/scipy/pull/11256>`__: DOC: Updated documentation for scipy.linalg.qr * `#11265 <https://github.com/scipy/scipy/pull/11265>`__: Fix: Can no longer slice csr_matrix in 1.3.0 * `#11267 <https://github.com/scipy/scipy/pull/11267>`__: BUG: Rework the scaling in the ks_2samp two-sided exact test. * `#11268 <https://github.com/scipy/scipy/pull/11268>`__: DOC: example of NonLinearConstraint * `#12072 <https://github.com/scipy/scipy/pull/12072>`__: TST: filter out factorial(float) deprecation warning * `#12078 <https://github.com/scipy/scipy/pull/12078>`__: TST: Skip test on colab with large memory alloc * `#12079 <https://github.com/scipy/scipy/pull/12079>`__: DOC: Remove Python2 reference from stats tutorial * `#12081 <https://github.com/scipy/scipy/pull/12081>`__: DOC: add Examples docstring for optimize.show_options() * `#12084 <https://github.com/scipy/scipy/pull/12084>`__: BUG: interpolate: fix BarycentricInterpolator with integer input... dataRST/scipy/1.5.3-notes.rst * `#12668 <https://github.com/scipy/scipy/pull/12668>`__: BUG: Ensure factorial is not too large in mstats.kendalltau * `#12705 <https://github.com/scipy/scipy/pull/12705>`__: MAINT: \`openblas_support\` added sha256 hash * `#12706 <https://github.com/scipy/scipy/pull/12706>`__: BUG: fix incorrect 1d case of the fourier_ellipsoid filter * `#12721 <https://github.com/scipy/scipy/pull/12721>`__: BUG: use special.sindg in ndimage.rotate * `#12724 <https://github.com/scipy/scipy/pull/12724>`__: BUG: per #12654 adjusted mudholkar_george method to combine p... dataRST/scipy/1.6.0-notes.rst * `#13121 <https://github.com/scipy/scipy/pull/13121>`__: Fix factorial() for NaN on Python 3.10 * `#13123 <https://github.com/scipy/scipy/pull/13123>`__: BLD: Specify file extension for language standard version tests * `#13128 <https://github.com/scipy/scipy/pull/13128>`__: TST: skip Fortran I/O test for ODR * `#13130 <https://github.com/scipy/scipy/pull/13130>`__: TST: skip factorial() float tests on Python 3.10 * `#13136 <https://github.com/scipy/scipy/pull/13136>`__: CI:Add python dbg run to GH Actions * `#13130 <https://github.com/scipy/scipy/pull/13130>`__: TST: skip factorial() float tests on Python 3.10 * `#13136 <https://github.com/scipy/scipy/pull/13136>`__: CI:Add python dbg run to GH Actions * `#13138 <https://github.com/scipy/scipy/pull/13138>`__: CI: Port coverage,64-bit BLAS,GCC 4.8 build to azure * `#13139 <https://github.com/scipy/scipy/pull/13139>`__: Fix edge case for mode='nearest' in ndimage.interpolation functions * `#13141 <https://github.com/scipy/scipy/pull/13141>`__: BUG: signal: Fix data type of the numerator returned by ss2tf. dataRST/scipy/1.6.3-notes.rst * `#13819 <https://github.com/scipy/scipy/pull/13819>`__: substitute np.math.factorial with math.factorial * `#13895 <https://github.com/scipy/scipy/pull/13895>`__: TST: add random seeds in Rotation module,,,,,,,,,,,,,,,,,,,,,,,,
scipy.misc.factorial2,scipy.special.factorial2,0,,0,,,0,,dataRST/scipy/1.3.0-notes.rst ``factorial2``,``factorialk``,``logsumexp``,``pade``,``info``,``source``,``who``) which have been deprecated since v1.0.0 are removed. `SciPy documentation for v1.1.0 <https://docs.scipy.org/doc/scipy-1.1.0/reference/misc.html>`__ can be used to track the new import locations for the relocated functions. dataRST/scipy/1.4.0-notes.rst * `#7400 <https://github.com/scipy/scipy/issues/7400>`__: BUG(?): special: factorial and factorial2 return a 0-dimensional... * `#7434 <https://github.com/scipy/scipy/issues/7434>`__: Testing of scipy.stats continuous distributions misses 25 distributions * `#7491 <https://github.com/scipy/scipy/issues/7491>`__: Several scipy.stats distributions (fisk,burr,burr12,f) return... * `#7759 <https://github.com/scipy/scipy/issues/7759>`__: Overflow in stats.kruskal for large samples * `#7906 <https://github.com/scipy/scipy/issues/7906>`__: Wrong result from scipy.interpolate.UnivariateSpline.integral...,,,,,,,,,,,,,,,,,,,,,,,,,,,,,,,,,,,,,,,,,
scipy.misc.factorialk,scipy.special.factorialk,0,,0,,,0,,dataRST/scipy/1.3.0-notes.rst ``factorial2``,``factorialk``,``logsumexp``,``pade``,``info``,``source``,``who``) which have been deprecated since v1.0.0 are removed. `SciPy documentation for v1.1.0 <https://docs.scipy.org/doc/scipy-1.1.0/reference/misc.html>`__ can be used to track the new import locations for the relocated functions.,,,,,,,,,,,,,,,,,,,,,,,,,,,,,,,,,,,,,,,,,,,,
scipy.misc.logsumexp,scipy.special.logsumexp,0,,0,,,0,,dataRST/scipy/0.11.0-notes.rst ``scipy.misc.logsumexp`` now takes an optional ``axis`` keyword argument. Authors ======= This release contains work by the following people (contributed at least one patch to this release,names in alphabetical order): dataRST/scipy/0.15.0-notes.rst - `#3518 <https://github.com/scipy/scipy/pull/3518>`__: Issues in scipy.misc.logsumexp - `#3526 <https://github.com/scipy/scipy/pull/3526>`__: DOC: graphical example for cwt,and use a more interesting signal - `#3527 <https://github.com/scipy/scipy/pull/3527>`__: ENH: Implement min(max)imum_filter1d using the MINLIST algorithm - `#3537 <https://github.com/scipy/scipy/pull/3537>`__: STY: reduce number of C compiler warnings - `#3540 <https://github.com/scipy/scipy/pull/3540>`__: DOC: linalg: add docstring to fractional_matrix_power,,,,,,,,,,,,,,,,,,,,,,,,,,,,,,,,,,,,,,,,,,,,,,,,
scipy.misc.pade,scipy.interpolate.pade,0,,0,,,0,,dataRST/scipy/0.19.0-notes.rst - `#6759 <https://github.com/scipy/scipy/pull/6759>`__: Move logsumexp and pade from scipy.misc to scipy.special and... - `#6761 <https://github.com/scipy/scipy/pull/6761>`__: ENH: argmax and argmin methods for sparse matrices - `#6762 <https://github.com/scipy/scipy/pull/6762>`__: DOC: Improve docstrings of sparse matrices - `#6763 <https://github.com/scipy/scipy/pull/6763>`__: ENH: Weighted tau - `#6768 <https://github.com/scipy/scipy/pull/6768>`__: ENH: cythonized spherical Voronoi region polygon vertex sorting dataRST/scipy/1.2.0-notes.rst `scipy.interpolate.pade` now accepts a new argument for the order of the numerator. `scipy.cluster` improvements ---------------------------- `scipy.cluster.vq.kmeans2` gained a new initialization method,kmeans++. * `#9211 <https://github.com/scipy/scipy/pull/9211>`__: ENH: add capability to specify orders in pade func * `#9217 <https://github.com/scipy/scipy/pull/9217>`__: MAINT: Include ``success`` and ``nit`` in OptimizeResult returned... * `#9222 <https://github.com/scipy/scipy/pull/9222>`__: ENH: interpolate: Use scipy.spatial.distance to speed-up Rbf * `#9229 <https://github.com/scipy/scipy/pull/9229>`__: MNT: Fix Fourier filter double case * `#9233 <https://github.com/scipy/scipy/pull/9233>`__: BUG: spatial/distance: fix pdist/cdist performance regression... dataRST/scipy/1.3.0-notes.rst ``factorial2``,``factorialk``,``logsumexp``,``pade``,``info``,``source``,"``who``) which have been deprecated since v1.0.0 are removed. `SciPy documentation for v1.1.0 <https://docs.scipy.org/doc/scipy-1.1.0/reference/misc.html>`__ can be used to track the new import locations for the relocated functions. dataRST/scipy/1.4.0-notes.rst `scipy.interpolate.pade` now handles complex input data gracefully `scipy.interpolate.Rbf` can now interpolate multi-dimensional functions `scipy.io` improvements ----------------------- `scipy.io.wavfile.read` can now read data from a `WAV` file that has a * `#10298 <https://github.com/scipy/scipy/pull/10298>`__: ENH: Made pade function work with complex inputs * `#10301 <https://github.com/scipy/scipy/pull/10301>`__: DOC: Fix critical value significance levels in stats.anderson_ksamp * `#10307 <https://github.com/scipy/scipy/pull/10307>`__: Minkowski Distance Type Fix (issue #10262) * `#10309 <https://github.com/scipy/scipy/pull/10309>`__: BUG: Pass jac=None directly to lsoda * `#10310 <https://github.com/scipy/scipy/pull/10310>`__: BUG: interpolate: UnivariateSpline.derivative.ext is 'zeros'... dataRST/scipy/1.8.0-notes.rst * `#14404 <https://github.com/scipy/scipy/pull/14404>`__: DOC: docstring fix for default of n param of interpolate.pade * `#14406 <https://github.com/scipy/scipy/pull/14406>`__: MAINT: Use numpy_nodepr_api in \`spatial\` * `#14411 <https://github.com/scipy/scipy/pull/14411>`__: MAINT: minor cleanups in usage of \`compute_uv\` keyword of \`svd\` * `#14413 <https://github.com/scipy/scipy/pull/14413>`__: DOC:interpolate: Fix the docstring example of ""lagrange"" * `#14419 <https://github.com/scipy/scipy/pull/14419>`__: DEP: deprecate private but non-underscored \`signal.spline\`...",,,,,,,,,,,,,,,,,,,,,,,,,,,,,,,,,,,,,,,,,,,
scipy.misc.info,numpy.info,0,,0,,,0,,dataRST/scipy/0.14.0-notes.rst - `#2907 <https://github.com/scipy/scipy/pull/2907>`__: ENH: add coverage info with coveralls.io for Travis runs. - `#2932 <https://github.com/scipy/scipy/pull/2932>`__: BUG+TST: setdiag implementation for dia_matrix (Close #2931)... - `#2942 <https://github.com/scipy/scipy/pull/2942>`__: Misc fixes pointed out by Eclipse PyDev static code analysis - `#2946 <https://github.com/scipy/scipy/pull/2946>`__: ENH: allow non-monotonic input in interp1d - `#2986 <https://github.com/scipy/scipy/pull/2986>`__: BUG: runtests: chdir away from root when running tests dataRST/scipy/0.15.0-notes.rst - `#3382 <https://github.com/scipy/scipy/pull/3382>`__: ENH: scipy.special information theory functions - `#3396 <https://github.com/scipy/scipy/pull/3396>`__: ENH: improve stats.nanmedian more by assuming nans are rare - `#3398 <https://github.com/scipy/scipy/pull/3398>`__: Added two wrappers to the gaussian_kde class. - `#3405 <https://github.com/scipy/scipy/pull/3405>`__: BUG: cluster.linkage array conversion to double dtype - `#3407 <https://github.com/scipy/scipy/pull/3407>`__: MAINT: use assert_warns instead of a more complicated mechanism - `#3873 <https://github.com/scipy/scipy/pull/3873>`__: BLD: show a more informative message if Cython wasn't installed. - `#3874 <https://github.com/scipy/scipy/pull/3874>`__: TST: cluster: cleanup the hierarchy test data - `#3877 <https://github.com/scipy/scipy/pull/3877>`__: DOC: Savitzky-Golay filter version added - `#3878 <https://github.com/scipy/scipy/pull/3878>`__: DOC: move versionadded to notes - `#3879 <https://github.com/scipy/scipy/pull/3879>`__: small tweaks to the docs - `#3981 <https://github.com/scipy/scipy/pull/3981>`__: turn the cryptically named scipy.special information theory functions... - `#3984 <https://github.com/scipy/scipy/pull/3984>`__: Wrap her,syr,her2,syr2 blas routines - `#3990 <https://github.com/scipy/scipy/pull/3990>`__: improve UnivariateSpline docs - `#3991 <https://github.com/scipy/scipy/pull/3991>`__: ENH: stats: return namedtuple for describe output - `#3993 <https://github.com/scipy/scipy/pull/3993>`__: DOC: stats: percentileofscore references np.percentile dataRST/scipy/0.16.0-notes.rst unit tests for it to get more info. Added two extra wrappers for LAPACK least-square solvers. Namely,they are ``*gelsd`` and ``*gelsy``. Wrappers for the LAPACK ``*lange`` functions,which calculate various matrix norms,were added. - `#4266 <https://github.com/scipy/scipy/pull/4266>`__: MAINT: io: Give an informative error when attempting to read... - `#4268 <https://github.com/scipy/scipy/pull/4268>`__: MAINT: fftpack benchmark integer division vs true division - `#4269 <https://github.com/scipy/scipy/pull/4269>`__: MAINT: avoid shadowing the eigvals function - `#4272 <https://github.com/scipy/scipy/pull/4272>`__: BUG: sparse: Fix bench_sparse.py - `#4276 <https://github.com/scipy/scipy/pull/4276>`__: DOC: remove confusing parts of the documentation related to writing... - `#4572 <https://github.com/scipy/scipy/pull/4572>`__: ENH: Extract inverse hessian information from L-BFGS-B - `#4576 <https://github.com/scipy/scipy/pull/4576>`__: ENH: Split signal.lti into subclasses,"part of #2912 - `#4578 <https://github.com/scipy/scipy/pull/4578>`__: MNT: Reconcile docstrings and function signatures - `#4581 <https://github.com/scipy/scipy/pull/4581>`__: Fix build with Intel MKL on Linux - `#4583 <https://github.com/scipy/scipy/pull/4583>`__: DOC: optimize: remove references to unused disp kwarg - `#4806 <https://github.com/scipy/scipy/pull/4806>`__: MAINT: use an informed initial guess for cauchy fit - `#4810 <https://github.com/scipy/scipy/pull/4810>`__: PEP8ify codata.py - `#4812 <https://github.com/scipy/scipy/pull/4812>`__: BUG: Relaxed strides cleanup in decomp_update.pyx.in - `#4820 <https://github.com/scipy/scipy/pull/4820>`__: BLD: update Bento build for sgemv fix and install cython blas/lapack... - `#4823 <https://github.com/scipy/scipy/pull/4823>`__: ENH: scipy.signal - Addition of spectrogram function dataRST/scipy/0.18.0-notes.rst - `#5929 <https://github.com/scipy/scipy/pull/5929>`__: Update info/URL for octave-maintainers discussion - `#5930 <https://github.com/scipy/scipy/pull/5930>`__: TST: special: silence DeprecationWarnings from sph_yn - `#5931 <https://github.com/scipy/scipy/pull/5931>`__: ENH: implement the principle branch of the logarithm of Gamma. - `#5934 <https://github.com/scipy/scipy/pull/5934>`__: Typo: ""mush"" => ""must"" - `#5935 <https://github.com/scipy/scipy/pull/5935>`__: BUG:string comparison stats._binned_statistic closes #5927 dataRST/scipy/0.19.0-notes.rst a warning to be emitted with the estimated condition number information. Old ``sym_pos`` keyword is kept for backwards compatibility reasons however it is identical to using ``assume_a='pos'``. Moreover",the ``debug`` keyword,which had no function but only printing the ``overwrite_<a,b>`` values,is deprecated. - `#6957 <https://github.com/scipy/scipy/pull/6957>`__: ENH more informative error in sparse.bmat - `#6962 <https://github.com/scipy/scipy/pull/6962>`__: Shebang fixes - `#6964 <https://github.com/scipy/scipy/pull/6964>`__: DOC: note argmin/argmax addition - `#6965 <https://github.com/scipy/scipy/pull/6965>`__: BUG: Fix issues passing error tolerances in dblquad and tplquad. - `#6971 <https://github.com/scipy/scipy/pull/6971>`__: fix the docstring of signaltools.correlate - `#7021 <https://github.com/scipy/scipy/pull/7021>`__: MAINT: stats: use machine constants from np.finfo,not machar - `#7026 <https://github.com/scipy/scipy/pull/7026>`__: MAINT: update .mailmap - `#7032 <https://github.com/scipy/scipy/pull/7032>`__: Fix layout of rv_histogram docs - `#7035 <https://github.com/scipy/scipy/pull/7035>`__: DOC: update 0.19.0 release notes - `#7036 <https://github.com/scipy/scipy/pull/7036>`__: ENH: Add more boundary options to signal.stft dataRST/scipy/0.7.0-notes.rst For more information,please see `The NumPy/SciPy Testing Guide <https://github.com/numpy/numpy/blob/main/doc/TESTS.rst.txt>`__. We have also greatly improved our test coverage. There were just over 2,000 unit tests in the 0.6.0 release; this release nearly doubles that number,with just over 4,"000 unit tests. dataRST/scipy/1.0.0-notes.rst - `#7470 <https://github.com/scipy/scipy/pull/7470>`__: Initialize ""info"" in ``minpack_lmdif`` - `#7478 <https://github.com/scipy/scipy/pull/7478>`__: Added more testing of smirnov/smirnovi functions - `#7479 <https://github.com/scipy/scipy/pull/7479>`__: MAINT: update for new FutureWarning's in numpy 1.13.0 - `#7480 <https://github.com/scipy/scipy/pull/7480>`__: DOC: correctly describe output shape of dirichlet.mean() and... - `#7482 <https://github.com/scipy/scipy/pull/7482>`__: signal.lti: Remove deprecated cross-system properties - `#7973 <https://github.com/scipy/scipy/pull/7973>`__: BUG: fixed keyword in 'info' in ``_get_mem_available`` utility - `#8001 <https://github.com/scipy/scipy/pull/8001>`__: TST: fix test failures from Matplotlib 2.1 update - `#8010 <https://github.com/scipy/scipy/pull/8010>`__: BUG: signal: fix crash in lfilter - `#8019 <https://github.com/scipy/scipy/pull/8019>`__: MAINT: fix test failures with NumPy master dataRST/scipy/1.1.0-notes.rst * `#7566 <https://github.com/scipy/scipy/pull/7566>`__: Informative exception when passing a sparse matrix * `#7592 <https://github.com/scipy/scipy/pull/7592>`__: Adaptive Nelder-Mead * `#7729 <https://github.com/scipy/scipy/pull/7729>`__: WIP: ENH: optimize: large-scale constrained optimization algorithms... * `#7802 <https://github.com/scipy/scipy/pull/7802>`__: MRG: Add dpss window function * `#7803 <https://github.com/scipy/scipy/pull/7803>`__: DOC: Add examples to spatial.distance * `#8591 <https://github.com/scipy/scipy/pull/8591>`__: DOC: cdf2rdf Added version info and ""See also"" * `#8594 <https://github.com/scipy/scipy/pull/8594>`__: ENH: Cythonize peak_widths * `#8595 <https://github.com/scipy/scipy/pull/8595>`__: MAINT/ENH/BUG/TST: cdf2rdf: Address review comments made after... * `#8597 <https://github.com/scipy/scipy/pull/8597>`__: DOC: add versionadded 1.1.0 for new keywords in ndimage.morphology * `#8605 <https://github.com/scipy/scipy/pull/8605>`__: MAINT: special: improve implementations of `sinpi` and `cospi` * `#8697 <https://github.com/scipy/scipy/pull/8697>`__: BUG: Fix `setup.py build install egg_info`",which did not previously... * `#8704 <https://github.com/scipy/scipy/pull/8704>`__: TST: linalg: drop large size from solve() test * `#8705 <https://github.com/scipy/scipy/pull/8705>`__: DOC: Describe signal.find_peaks and related functions behavior... * `#8706 <https://github.com/scipy/scipy/pull/8706>`__: DOC: Specify encoding of rst file,remove an ambiguity in an... * `#8710 <https://github.com/scipy/scipy/pull/8710>`__: MAINT: fix an import cycle sparse -> special -> integrate ->... dataRST/scipy/1.2.0-notes.rst information passed to the callback function. In addition to numerous bug-fix changes,the simplex solver now passes a user-specified callback function a single ``OptimizeResult`` object containing information that corresponds directly to the user-defined problem. In future releases,this ``OptimizeResult`` object may be expanded to include additional information that corresponds directly to the user-defined problem. In future releases,this ``OptimizeResult`` object may be expanded to include additional information,such as variables corresponding to the standard-form problem and information concerning the relationship between the standard-form and user-defined problems. information,such as variables corresponding to the standard-form problem and information concerning the relationship between the standard-form and user-defined problems. The implementation of `scipy.sparse.random` has changed,and this affects the numerical values returned for both ``sparse.random`` and ``sparse.rand`` for information concerning the relationship between the standard-form and user-defined problems. The implementation of `scipy.sparse.random` has changed,and this affects the numerical values returned for both ``sparse.random`` and ``sparse.rand`` for some matrix shapes and a given seed. dataRST/scipy/1.3.0-notes.rst ``factorial2``,``factorialk``,``logsumexp``,``pade``,``info``,``source``,``who``) which have been deprecated since v1.0.0 are removed. `SciPy documentation for v1.1.0 <https://docs.scipy.org/doc/scipy-1.1.0/reference/misc.html>`__ can be used to track the new import locations for the relocated functions. dataRST/scipy/1.5.0-notes.rst ``w,v,info`` to ``w,v,m,isuppz,info`` The order of output arguments ``w``,``v`` of ``<sy/he>{gv,gvd,gvx}`` is swapped. `scipy.signal` changes ---------------------- * `#11696 <https://github.com/scipy/scipy/issues/11696>`__: DOC: incorrect compiler information for macOS in docs * `#11709 <https://github.com/scipy/scipy/issues/11709>`__: eigh() tests fail to pass,crash Python with seemingly ramdom... * `#11763 <https://github.com/scipy/scipy/issues/11763>`__: Small error in gamma continuous rv fit comments * `#11769 <https://github.com/scipy/scipy/issues/11769>`__: truncnorm.rvs Weird Behaviors * `#11770 <https://github.com/scipy/scipy/issues/11770>`__: crash in TestEigh::test_value_subsets * `#11362 <https://github.com/scipy/scipy/pull/11362>`__: MAINT: sys.version_info >= 3.5 * `#11364 <https://github.com/scipy/scipy/pull/11364>`__: ENH: cache square of sums for f_oneway * `#11368 <https://github.com/scipy/scipy/pull/11368>`__: ENH: add optional argument,"""include_nyquist""",for freqz() * `#11372 <https://github.com/scipy/scipy/pull/11372>`__: BENCH: optimize: added linprog presolve benchmarks * `#11376 <https://github.com/scipy/scipy/pull/11376>`__: ENH: Add wrapper for ?gttrf/?gttrs * `#11731 <https://github.com/scipy/scipy/pull/11731>`__: fix inaccurate information about Mac OS compiler (#11696) * `#11733 <https://github.com/scipy/scipy/pull/11733>`__: Fix inaccurate docstring example of HalfspaceIntersection * `#11734 <https://github.com/scipy/scipy/pull/11734>`__: Doc: fix inaccurate docstring of SmoothBivariateSpline. * `#11735 <https://github.com/scipy/scipy/pull/11735>`__: Bug: stats: fix wrong shape from median_absolute_deviation for... * `#11736 <https://github.com/scipy/scipy/pull/11736>`__: ENH: add input validations and its tests for FITPACK in fitpack2.py dataRST/scipy/1.6.0-notes.rst information in `leaves_color_list`. `scipy.interpolate` improvements -------------------------------- `scipy.interpolate.interp1d` has a new method ``nearest-up``,"similar to the existing method ``nearest`` but rounds half-integers up instead of down. * `#11020 <https://github.com/scipy/scipy/issues/11020>`__: signal.fftconvolve return a tuple including lag information * `#11093 <https://github.com/scipy/scipy/issues/11093>`__: scipy.interpolate.interp1d can not handle datetime64 * `#11170 <https://github.com/scipy/scipy/issues/11170>`__: Use manylinux2014 to get aarch64/ppc64le support * `#11186 <https://github.com/scipy/scipy/issues/11186>`__: BUG: stats: pearson3 CDF and SF functions incorrect when skew... * `#11366 <https://github.com/scipy/scipy/issues/11366>`__: DeprecationWarning due to invalid escape sequences dataRST/scipy/1.6.1-notes.rst * `#13329 <https://github.com/scipy/scipy/issues/13329>`__: Large sparse matrices of big integers lose information * `#13342 <https://github.com/scipy/scipy/issues/13342>`__: fftn crashes if shape arguments are supplied as ndarrays * `#13356 <https://github.com/scipy/scipy/issues/13356>`__: LSQBivariateSpline segmentation fault when quitting the Python... * `#13358 <https://github.com/scipy/scipy/issues/13358>`__: scipy.spatial.transform.Rotation object can not be deepcopied... * `#13408 <https://github.com/scipy/scipy/issues/13408>`__: Type of \`has_sorted_indices\` property dataRST/scipy/1.7.0-notes.rst * `#13173 <https://github.com/scipy/scipy/issues/13173>`__: Uninformative error message from bisplev function * `#13234 <https://github.com/scipy/scipy/issues/13234>`__: BUG: stats: Wrong shape of burr.moment() and fisk.moment() when... * `#13242 <https://github.com/scipy/scipy/issues/13242>`__: Does kmeans ""drop"" clusters? * `#13243 <https://github.com/scipy/scipy/issues/13243>`__: tgsen uses an output argument for computing a default argument * `#13245 <https://github.com/scipy/scipy/issues/13245>`__: Kurtosis returning 1 for array of same elements * `#13339 <https://github.com/scipy/scipy/issues/13339>`__: savemat discards dimension information if any dimension is zero * `#13341 <https://github.com/scipy/scipy/issues/13341>`__: add scipy.stats.variation with an ddof parameter * `#13353 <https://github.com/scipy/scipy/issues/13353>`__: Documentation: in scipy.stats.johnsonsu",parameter \`a\` can... * `#13405 <https://github.com/scipy/scipy/issues/13405>`__: TST: add a few tests for sparse BSR ctor * `#13410 <https://github.com/scipy/scipy/issues/13410>`__: BUG: skew for empty array raises * `#14048 <https://github.com/scipy/scipy/issues/14048>`__: DOC: missing git submodule information * `#14055 <https://github.com/scipy/scipy/issues/14055>`__: linalg.solve: Unclear error when using assume_a='her' with real... * `#14093 <https://github.com/scipy/scipy/issues/14093>`__: DOC: Inconsistency in the definition of default values in the... * `#14158 <https://github.com/scipy/scipy/issues/14158>`__: TST,BUG: test_rbfinterp.py -- test_interpolation_misfit_1d fails... * `#14170 <https://github.com/scipy/scipy/issues/14170>`__: TST: signal submodule test_filtfilt_gust failing on 32-bit amd64... * `#13995 <https://github.com/scipy/scipy/pull/13995>`__: Doc: Continuous integration information * `#14000 <https://github.com/scipy/scipy/pull/14000>`__: BUG: sparse: Fix DIA.diagonal bug and add a regression test * `#14004 <https://github.com/scipy/scipy/pull/14004>`__: ENH: Fast addition dia matrix * `#14006 <https://github.com/scipy/scipy/pull/14006>`__: MAINT: optimize: add validation to check func parameter number... * `#14008 <https://github.com/scipy/scipy/pull/14008>`__: BUG: Raise exception for inconsistent WAV header * `#14052 <https://github.com/scipy/scipy/pull/14052>`__: DOC: missing submodule init information * `#14057 <https://github.com/scipy/scipy/pull/14057>`__: DOC: special: Add Examples to \`psi\` docstring * `#14058 <https://github.com/scipy/scipy/pull/14058>`__: BUG: fixed a dtype bug in linalg.solve. * `#14060 <https://github.com/scipy/scipy/pull/14060>`__: Doc: Fix typo in documentation of spence function. * `#14061 <https://github.com/scipy/scipy/pull/14061>`__: MAINT:stats: Type annotations for _sobol.pyx dataRST/scipy/1.8.0-notes.rst `scipy.linalg.bandwidth` returns information about the bandedness of an array and can be used to test for triangular structure discovery,while `scipy.linalg.issymmetric` and `scipy.linalg.ishermitian` test the array for exact and approximate symmetric/Hermitian structure. `scipy.optimize` improvements docstring for more information. ``maximum_flow`` introduces optional keyword only argument,``method`` which accepts either,``'edmonds-karp'`` (Edmonds Karp algorithm) or ``'dinic'`` (Dinic's algorithm). Moreover,``'dinic'`` is used as default value for ``method`` which means that Dinic's algorithm is used for computing
scipy.misc.source,numpy.source,0,1,0,,1,0,['pip'],dataRST/scipy/0.11.0-notes.rst The SuperLU sources in ``scipy.sparse.linalg`` have been updated to version 4.3 from upstream. The function ``scipy.signal.bode``,which calculates magnitude and phase data for a continuous-time system,has been added. The two-sample T-test ``scipy.stats.ttest_ind`` gained an option to compare dataRST/scipy/0.13.0-notes.rst The C files generated from Cython sources are not included in the git repo anymore. They are however still shipped in source releases. The code base received a fairly large PEP8 cleanup. A ``tox pep8`` command has been added; new code should pass this test command. Scipy cannot be compiled with gfortran 4.1 anymore (at least on RH5),likely anymore. They are however still shipped in source releases. The code base received a fairly large PEP8 cleanup. A ``tox pep8`` command has been added; new code should pass this test command. Scipy cannot be compiled with gfortran 4.1 anymore (at least on RH5),"likely due to that compiler version not supporting entry constructs well. dataRST/scipy/0.15.0-notes.rst - `#3951 <https://github.com/scipy/scipy/pull/3951>`__: TST: switch from Rackspace wheelhouse to numpy/cython source... - `#3952 <https://github.com/scipy/scipy/pull/3952>`__: DOC: stats: Small formatting correction to the 'chi' distribution... - `#3953 <https://github.com/scipy/scipy/pull/3953>`__: DOC: stats: Several corrections and small additions to docstrings. - `#3955 <https://github.com/scipy/scipy/pull/3955>`__: signal.__init__.py: remove duplicated `get_window` entry - `#3959 <https://github.com/scipy/scipy/pull/3959>`__: TST: sparse: more ""known failures"" for DOK that don't fail dataRST/scipy/0.16.1-notes.rst - `#5195 <https://github.com/scipy/scipy/issues/5195>`__: tarballs missing documentation source - `#5363 <https://github.com/scipy/scipy/issues/5363>`__: FAIL: test_orthogonal.test_j_roots",test_orthogonal.test_js_roots Pull requests for 0.16.1 ------------------------ - `#5088 <https://github.com/scipy/scipy/pull/5088>`__: BUG: fix logic error in cKDTree.sparse_distance_matrix dataRST/scipy/0.17.0-notes.rst deprecated and will be removed in a future release. The source files for these routines have been temporarily included as a part of ``scipy.linalg`` so that SciPy can be built against LAPACK versions that do not provide these deprecated routines. Other changes - `#4971 <https://github.com/scipy/scipy/pull/4971>`__: Extend github source links to line ranges - `#4972 <https://github.com/scipy/scipy/pull/4972>`__: MAINT: impove the error message in validate_runtests_log - `#4976 <https://github.com/scipy/scipy/pull/4976>`__: DEP: deprecate `scipy.stats.threshold` - `#4977 <https://github.com/scipy/scipy/pull/4977>`__: MAINT: more careful dtype treatment in block diagonal matrix... - `#4979 <https://github.com/scipy/scipy/pull/4979>`__: ENH: distributions,complex arguments dataRST/scipy/0.19.0-notes.rst - `#4234 <https://github.com/scipy/scipy/issues/4234>`__: scipy.signal.flattop documentation doesn't list a source for... - `#4831 <https://github.com/scipy/scipy/issues/4831>`__: Bugs in C code in __quadpack.h - `#4908 <https://github.com/scipy/scipy/issues/4908>`__: bug: unnessesary validity check for block dimension in scipy.sparse.block_diag - `#4917 <https://github.com/scipy/scipy/issues/4917>`__: BUG: indexing error for sparse matrix with ix\_ - `#4938 <https://github.com/scipy/scipy/issues/4938>`__: Docs on extending ndimage need to be updated. dataRST/scipy/0.7.2-notes.rst only change is that all C sources from Cython code have been regenerated with Cython 0.12.1. This fixes the incompatibility between binaries of SciPy 0.7.1 and NumPy 1.4. dataRST/scipy/0.9.0-notes.rst Scipy source code location to be changed ======================================== Soon after this release,Scipy will stop using SVN as the version control system,and move to Git. The development source code for Scipy can from then on be found at system,"and move to Git. The development source code for Scipy can from then on be found at https://github.com/scipy/scipy New features ============ dataRST/scipy/1.0.0-notes.rst with it"". This is normal for many open source projects",however that doesn't make it right. We acknowledge to ourselves that it's not perfect,and there are some dusty corners left (that will probably always be the case). Despite that,SciPy is extremely useful to its users,on average has high quality code and documentation,and gives the stability and backwards compatibility library but many other affiliated and related open-source projects. I am extremely pleased that SciPy is in the hands of a world-wide community of talented developers who will ensure that SciPy remains an example of how grass-roots,community-driven development can succeed.* **Fernando Perez** offers a wider community perspective: <https://github.com/scipy/scipy/blob/main/doc/source/dev/governance/governance.rst>`_ for details. It is now possible to build SciPy on Windows with MSVC + gfortran! Continuous integration has been set up for this build configuration on Appveyor,building against OpenBLAS. - `#7239 <https://github.com/scipy/scipy/issues/7239>`__: Source tarball distribution - `#7247 <https://github.com/scipy/scipy/issues/7247>`__: genlaguerre poly1d-object doesn't respect 'monic' option at evaluation - `#7248 <https://github.com/scipy/scipy/issues/7248>`__: BUG: regression in Legendre polynomials on master - `#7316 <https://github.com/scipy/scipy/issues/7316>`__: dgels is missing - `#7381 <https://github.com/scipy/scipy/issues/7381>`__: Krogh interpolation fails to produce derivatives for complex... - `#7691 <https://github.com/scipy/scipy/pull/7691>`__: DOC: Drop non-working source links from docs - `#7694 <https://github.com/scipy/scipy/pull/7694>`__: fix ``ma.rray`` to ``ma.array`` in func ``median_cihs`` - `#7698 <https://github.com/scipy/scipy/pull/7698>`__: BUG: stats: fix nan result from ``multivariate_normal.cdf`` (#7669) - `#7703 <https://github.com/scipy/scipy/pull/7703>`__: DOC: special: Update the docstrings for noncentral F functions. - `#7709 <https://github.com/scipy/scipy/pull/7709>`__: BLD: integrate: avoid symbol clash between lsoda and vode dataRST/scipy/1.2.0-notes.rst * `#8680 <https://github.com/scipy/scipy/issues/8680>`__: scipy fails compilation when building from source * `#8686 <https://github.com/scipy/scipy/issues/8686>`__: Division by zero in _trustregion.py when x0 is exactly equal... * `#8700 <https://github.com/scipy/scipy/issues/8700>`__: _MINPACK_LOCK not held when calling into minpack from least_squares * `#8786 <https://github.com/scipy/scipy/issues/8786>`__: erroneous moment values for t-distribution * `#8791 <https://github.com/scipy/scipy/issues/8791>`__: Checking COLA condition in istft should be optional (or omitted) * `#9364 <https://github.com/scipy/scipy/pull/9364>`__: MAINT: Adds implicit none to fftpack fortran sources * `#9369 <https://github.com/scipy/scipy/pull/9369>`__: DOC: minor tweak to CoC (updated NumFOCUS contact address). * `#9373 <https://github.com/scipy/scipy/pull/9373>`__: Fix exception if python is called with -OO option * `#9374 <https://github.com/scipy/scipy/pull/9374>`__: FIX: AIX compilation issue with NAN and INFINITY * `#9376 <https://github.com/scipy/scipy/pull/9376>`__: COBLYA -> COBYLA in docs dataRST/scipy/1.2.1-notes.rst from source on Python 2.7 because of non-ascii character issues. It is also notable that SciPy 1.2.1 wheels were built with OpenBLAS 0.3.5.dev,which may alleviate some linear algebra issues observed in SciPy 1.2.0. Authors dataRST/scipy/1.3.0-notes.rst ``factorial2``,``factorialk``,``logsumexp``,``pade``,``info``,``source``,``who``) which have been deprecated since v1.0.0 are removed. `SciPy documentation for v1.1.0 <https://docs.scipy.org/doc/scipy-1.1.0/reference/misc.html>`__ can be used to track the new import locations for the relocated functions. dataRST/scipy/1.4.0-notes.rst * `#10734 <https://github.com/scipy/scipy/pull/10734>`__: DOC: spell out difference between source and target in shortest... * `#10735 <https://github.com/scipy/scipy/pull/10735>`__: Fix for Python 4 * `#10739 <https://github.com/scipy/scipy/pull/10739>`__: BUG: optimize/slsqp: deal with singular BFGS update * `#10741 <https://github.com/scipy/scipy/pull/10741>`__: ENH: LAPACK wrappers for ?geequ,?geequb,?syequb,?heequb * `#10742 <https://github.com/scipy/scipy/pull/10742>`__: DOC: special: add to the docstring of \`gammaln\` dataRST/scipy/1.5.0-notes.rst * `#11286 <https://github.com/scipy/scipy/pull/11286>`__: BUG: make loadmat/savemat file opening close resources correctly * `#11287 <https://github.com/scipy/scipy/pull/11287>`__: CI: skip Azure and TravisCI builds on merges and direct pushes... * `#11288 <https://github.com/scipy/scipy/pull/11288>`__: DOC: Fix import in scipy.io.wavfile.read sample code * `#11289 <https://github.com/scipy/scipy/pull/11289>`__: BUG: Use context manager for open * `#11290 <https://github.com/scipy/scipy/pull/11290>`__: MAINT: Remove _lib._version in favour of _lib._pep440 dataRST/scipy/1.6.0-notes.rst We gratefully acknowledge the Chan-Zuckerberg Initiative Essential Open Source Software for Science program for supporting many of these improvements to `scipy.stats`. Deprecated features =================== are encouraged to use ``pip`` when installing from source. - Fixed a bug in `scipy.optimize.dual_annealing` ``accept_reject`` calculation that caused uphill jumps to be accepted less frequently. - The time required for (un)pickling of `scipy.stats.rv_continuous`,`scipy.stats.rv_discrete`,and `scipy.stats.rv_frozen` has been significantly dataRST/scipy/1.6.2-notes.rst the long-term repeatability of source builds. Authors ======= * Pradipta Ghosh + * Tyler Reddy dataRST/scipy/1.7.0-notes.rst *We gratefully acknowledge the Chan-Zuckerberg Initiative Essential Open Source Software for Science program for supporting many of the improvements to* `scipy.stats`. ************ New features * `#14199 <https://github.com/scipy/scipy/issues/14199>`__: Generated sources for biasedurn extension are broken in 1.7.0rc1 *********************** Pull requests for 1.7.0 *********************** * `#4824 <https://github.com/scipy/scipy/pull/4824>`__: Permutation Ttest (new PR) * `#14088 <https://github.com/scipy/scipy/pull/14088>`__: Install Pythran from sources for python 3.10 * `#14092 <https://github.com/scipy/scipy/pull/14092>`__: BUG: Fixes issue with clang. * `#14094 <https://github.com/scipy/scipy/pull/14094>`__: DOC: Correct the inconsistence definition of Default in class... * `#14105 <https://github.com/scipy/scipy/pull/14105>`__: TST: stats: mannwhitneyu: check that mstats and stats mannwhitneyu... * `#14106 <https://github.com/scipy/scipy/pull/14106>`__: DOC: stats.mstats: mannwhitneyu: the returned statistic is the... * `#14230 <https://github.com/scipy/scipy/pull/14230>`__: REL: stop shipping generated Cython sources in sdist dataRST/scipy/1.7.2-notes.rst * `#14803 <https://github.com/scipy/scipy/pull/14803>`__: MAINT: disable include/source coverage warning. * `#14813 <https://github.com/scipy/scipy/pull/14813>`__: Added missing np.import_array() * `#14831 <https://github.com/scipy/scipy/pull/14831>`__: CI: Add stdlib to LD_LIBRARY_PATH * `#14893 <https://github.com/scipy/scipy/pull/14893>`__: BUG: Fix alignment errors due to relaxed stride checking * `#14897 <https://github.com/scipy/scipy/pull/14897>`__: BUG: avoid mutating inputs in multivariate distributions dataRST/scipy/1.8.0-notes.rst * `#14761 <https://github.com/scipy/scipy/pull/14761>`__: CI: remove \`pre_release_deps_source_dist\` job from Azure CI... * `#14762 <https://github.com/scipy/scipy/pull/14762>`__: TST: add a seed to the pickling test of RBFInterpolator * `#14763 <https://github.com/scipy/scipy/pull/14763>`__: MAINT: Make solve_ivp slightly more strict wrt. t_span. * `#14772 <https://github.com/scipy/scipy/pull/14772>`__: DOC:special: Fix broken links to jburkardt * `#14787 <https://github.com/scipy/scipy/pull/14787>`__: MAINT: Increase tolerance values to avoid test failures,,,,,,,,,,,,,,,,,,,,,,
scipy.misc.who,numpy.who,0,1,0,,1,0,['scipy.io'] ['scipy.linalg'],dataRST/scipy/0.12.0-notes.rst A new function ``whosmat`` is available in ``scipy.io`` for inspecting contents of MAT files without reading them to memory. Documented BLAS and LAPACK low-level interfaces (``scipy.linalg``) ------------------------------------------------------------------ The modules `scipy.linalg.blas` and `scipy.linalg.lapack` can be used dataRST/scipy/0.7.0-notes.rst for packages that were undergoing rapid development and whose APIs were in flux. It was also a place where broken code could live. The sandbox has served its purpose well,but was starting to create confusion. Thus ``scipy.sandbox`` was removed. Most of the code was moved into ``scipy``,some code was made into a ``scikit``,and the dataRST/scipy/1.0.0-notes.rst joined the Python community as a young graduate student who had just fallen in love with the expressibility and extensibility of Python. The internet was just starting to bringing together like-minded mathematicians and scientists in nascent electronically-connected communities. In 1998,there was a concerted discussion on the matrix-SIG,python mailing list with people like Paul Pearu Peterson and Eric Jones who joined their efforts with mine in 2000 so that by 2001,"the first SciPy release was ready. This was long before Github simplified collaboration and input from others and the ""patch"" command and email was how you helped a project improve.* *Since that time",hundreds of people have spent an enormous amount of time talented developers who will ensure that SciPy remains an example of how grass-roots,community-driven development can succeed.* **Fernando Perez** offers a wider community perspective: *The existence of a nascent Scipy library,and the incredible --if tiny by today's standards-- community surrounding it is what drew me into the modern scientific computing ecosystem. I am grateful for the many who have made it possible,and hope to be able to contribute again to it in the future. My sincere congratulations to the whole team!* Highlights of this release -------------------------- My sincere congratulations to the whole team!* Highlights of this release -------------------------- Some of the highlights of this release are: - Major build improvements. Windows wheels are available on PyPI for the dataRST/scipy/1.1.0-notes.rst peaks whose properties match optionally specified conditions for their height,prominence,width,threshold and distance to each other. `scipy.signal.peak_prominences` and `scipy.signal.peak_widths` can directly calculate the prominences or widths of known peaks. Added ZPK versions of frequency transformations: dataRST/scipy/1.3.0-notes.rst ``who``) which have been deprecated since v1.0.0 are removed. `SciPy documentation for v1.1.0 <https://docs.scipy.org/doc/scipy-1.1.0/reference/misc.html>`__ can be used to track the new import locations for the relocated functions. `scipy.linalg` changes dataRST/scipy/1.5.0-notes.rst * `#11279 <https://github.com/scipy/scipy/issues/11279>`__: linalg.eigh checks whole array for finite values * `#11295 <https://github.com/scipy/scipy/issues/11295>`__: CI: azure does not auto-cancel old jobs on pushes * `#11299 <https://github.com/scipy/scipy/issues/11299>`__: stats.truncnorm.rvs 100x slower in v1.4.x than v1.3.3 * `#11315 <https://github.com/scipy/scipy/issues/11315>`__: BUG: special: rgamma on negative integers smaller -34 * `#11319 <https://github.com/scipy/scipy/issues/11319>`__: Missing \`int64_t\` declaration in rectangular_lsap.cpp dataRST/scipy/1.6.0-notes.rst inputs,and the ability to handle inputs whose dense representations would not fit in memory. The time complexity of `scipy.sparse.block_diag` has been improved dramatically from quadratic to linear. `scipy.sparse.linalg` improvements,,,,,,,,,,,,,,,,,,,,,,,,,,,,,,,,,,,,
scipy.signal.windows.slepian,scipy.signal.windows.dpss,1,1,1,,,1,['scipy.signal.windows.dpss'],dataRST/scipy/1.1.0-notes.rst `scipy.signal.windows.slepian` is deprecated,replaced by `scipy.signal.windows.dpss`. The window functions in `scipy.signal` are now available in `scipy.signal.windows`. They will remain also available in the old location in the `scipy.signal` namespace in future Scipy versions.,,,,,,,,,,,,,,,,,,,,,,,,,,,,,,,,,,,,,,,,,,,,,,,,,
scipy.stats.itemfreq,numpy.unique,0,,0,,,0,,dataRST/scipy/1.1.0-notes.rst The function `scipy.stats.itemfreq` is deprecated. Backwards incompatible changes ============================== Previously,`scipy.linalg.orth` used a singular value cutoff value appropriate for double precision numbers also for single-precision,,,,,,,,,,,,,,,,,,,,,,,,,,,,,,,,,,,,,,,,,,,,,,,,,
scipy.spatial.distance.matching,scipy.spatial.distance.hamming,1,1,1,,,1,['scipy.spatial.distance.hamming'],dataRST/scipy/1.0.0-notes.rst ``scipy.spatial.distance.matching`` is deprecated. It is an alias of `scipy.spatial.distance.hamming`,which should be used instead. Implementation of `scipy.spatial.distance.wminkowski` was based on a wrong interpretation of the metric definition. In scipy 1.0 it has been just deprecated in the documentation to keep retro-compatibility but is recommended,,,,,,,,,,,,,,,,,,,,,,,,,,,,,,,,,,,,,,,,,,,,,,,,,
scipy.spatial.distance.wminkowski,scipy.spatial.distance.minkowski,1,1,1,,,1,['scipy.spatial.distance.minkowski'],dataRST/scipy/1.0.0-notes.rst Implementation of `scipy.spatial.distance.wminkowski` was based on a wrong interpretation of the metric definition. In scipy 1.0 it has been just deprecated in the documentation to keep retro-compatibility but is recommended to use the new version of `scipy.spatial.distance.minkowski` that implements the correct behaviour. - `#7893 <https://github.com/scipy/scipy/issues/7893>`__: scipy.spatial.distance.wminkowski behaviour change in 1.0.0b1 - `#7898 <https://github.com/scipy/scipy/issues/7898>`__: DOC: Window functions - `#7959 <https://github.com/scipy/scipy/issues/7959>`__: BUG maybe: fmin_bfgs possibly broken in 1.0 - `#7969 <https://github.com/scipy/scipy/issues/7969>`__: scipy 1.0.0rc1 windows wheels depend on missing msvcp140.dll Pull requests for 1.0.0 dataRST/scipy/1.8.0-notes.rst - The function `scipy.spatial.distance.wminkowski` has been removed. To achieve the same results as before,please use the ``minkowski`` distance function with the (optional) ``w=`` keyword-argument for the given weight. ************* Other changes,,,,,,,,,,,,,,,,,,,,,,,,,,,,,,,,,,,,,,,,,,,,,,,,,
scipy.special.errprint,scipy.special.seterr,1,1,1,1,,1,['scipy.special.seterr'],dataRST/scipy/0.19.0-notes.rst `scipy.special.errprint` is deprecated. Improved functionality is available in `scipy.special.seterr`. calling `scipy.spatial.distance.pdist` or `scipy.spatial.distance.cdist` with arguments not needed by the chosen metric is deprecated. Also,"metrics `""old_cosine""` and `""old_cos""` are deprecated. `scipy.special.errprint` now returns a boolean. The function `scipy.signal.find_peaks_cwt` now returns an array instead of a list. `scipy.stats.kendalltau` now computes the correct p-value in case the input contains ties. The p-value is also identical to that computed by dataRST/scipy/0.7.1-notes.rst Also",when ``scipy.special.errprint(1)`` has been enabled,warning messages are now issued as Python warnings instead of printing them to stderr. scipy.stats ===========,,,,,,,,,,,,,,,,,,,,,,,,,,,,,,,,,,,,,,,,,,,,,,,
scipy.special.sph_in,scipy.special.spherical_in,1,1,0,1,,1,['scipy.special.spherical_jn'] ['scipy.special.spherical_jn'] ['sph_jn'],dataRST/scipy/0.18.0-notes.rst Spherical Bessel functions,``sph_in``,``sph_jn``,``sph_kn``,``sph_yn``,``sph_jnyn`` and ``sph_inkn`` have been deprecated in favor of `scipy.special.spherical_jn` and ``spherical_kn``,``spherical_yn``,``spherical_in``. The following functions in `scipy.constants` are deprecated: ``C2K``,``K2C``,``sph_jnyn`` and ``sph_inkn`` have been deprecated in favor of `scipy.special.spherical_jn` and ``spherical_kn``,``spherical_yn``,``spherical_in``. The following functions in `scipy.constants` are deprecated: ``C2K``,``K2C``,``C2F``,``F2C``,``F2K`` and ``K2F``. They are superceded by a new function dataRST/scipy/1.0.0-notes.rst The deprecated functions ``sph_jn``,``sph_yn``,``sph_jnyn``,``sph_in``,``sph_kn``,and ``sph_inkn`` have been removed. Users should instead use the functions ``spherical_jn``,``spherical_yn``,``spherical_in``,and ``spherical_kn``. Be aware that the new functions have different signatures. ``sph_kn``,and ``sph_inkn`` have been removed. Users should instead use the functions ``spherical_jn``,``spherical_yn``,``spherical_in``,and ``spherical_kn``. Be aware that the new functions have different signatures. The cross-class properties of `scipy.signal.lti` systems have been removed.,,,,,,,,,,,,,,,,,,,,,,,
scipy.special.sph_jn,scipy.special.spherical_jn,1,1,1,1,,1,['scipy.special.spherical_jn'] ['scipy.special.spherical_jn'],dataRST/scipy/0.18.0-notes.rst Spherical Bessel functions,``sph_in``,``sph_jn``,``sph_kn``,``sph_yn``,``sph_jnyn`` and ``sph_inkn`` have been deprecated in favor of `scipy.special.spherical_jn` and ``spherical_kn``,``spherical_yn``,``spherical_in``. The following functions in `scipy.constants` are deprecated: ``C2K``,``K2C``,``sph_jnyn`` and ``sph_inkn`` have been deprecated in favor of `scipy.special.spherical_jn` and ``spherical_kn``,``spherical_yn``,``spherical_in``. The following functions in `scipy.constants` are deprecated: ``C2K``,``K2C``,``C2F``,``F2C``,``F2K`` and ``K2F``. They are superceded by a new function - `#2165 <https://github.com/scipy/scipy/issues/2165>`__: sph_jn returns false results for some orders/values (Trac #1640) - `#2255 <https://github.com/scipy/scipy/issues/2255>`__: Incorrect order of translation and rotation in affine_transform... - `#2332 <https://github.com/scipy/scipy/issues/2332>`__: hyp0f1 args and return values are unnumpyic (Trac #1813) - `#2534 <https://github.com/scipy/scipy/issues/2534>`__: The sparse .sum() method with uint8 dtype does not act like the... - `#3113 <https://github.com/scipy/scipy/issues/3113>`__: Implement ufuncs for CSPHJY,SPHJ,SPHY,CSPHIK,SPHI,SPHIK... dataRST/scipy/1.0.0-notes.rst The deprecated functions ``sph_jn``,``sph_yn``,``sph_jnyn``,``sph_in``,``sph_kn``,and ``sph_inkn`` have been removed. Users should instead use the functions ``spherical_jn``,``spherical_yn``,``spherical_in``,and ``spherical_kn``. Be aware that the new functions have different signatures. - `#7601 <https://github.com/scipy/scipy/pull/7601>`__: MAINT: special: remove ``sph_jn`` et al. - `#7602 <https://github.com/scipy/scipy/pull/7602>`__: TST: fix test failures in trimmed statistics tests with numpy... - `#7605 <https://github.com/scipy/scipy/pull/7605>`__: Be clear about required dimension order - `#7606 <https://github.com/scipy/scipy/pull/7606>`__: MAINT: Remove unused function ``NI_NormalizeType``. - `#7607 <https://github.com/scipy/scipy/pull/7607>`__: TST: add osx to travis matrix,,,,,,,,,,,,,,,,,,,,,,
scipy.special.sph_kn,scipy.special.spherical_kn,1,1,0,1,,1,['scipy.special.spherical_jn'],dataRST/scipy/0.18.0-notes.rst Spherical Bessel functions,``sph_in``,``sph_jn``,``sph_kn``,``sph_yn``,``sph_jnyn`` and ``sph_inkn`` have been deprecated in favor of `scipy.special.spherical_jn` and ``spherical_kn``,``spherical_yn``,``spherical_in``. The following functions in `scipy.constants` are deprecated: ``C2K``,``K2C``,dataRST/scipy/1.0.0-notes.rst ``sph_kn``,and ``sph_inkn`` have been removed. Users should instead use the functions ``spherical_jn``,``spherical_yn``,``spherical_in``,and ``spherical_kn``. Be aware that the new functions have different signatures. The cross-class properties of `scipy.signal.lti` systems have been removed.,,,,,,,,,,,,,,,,,,,,,,,,,,,,,,,,,,,,,
scipy.special.sph_yn,scipy.special.spherical_yn,1,1,0,1,,1,['scipy.special.spherical_jn'] ['sph_jn'],dataRST/scipy/0.18.0-notes.rst Spherical Bessel functions,``sph_in``,``sph_jn``,``sph_kn``,``sph_yn``,``sph_jnyn`` and ``sph_inkn`` have been deprecated in favor of `scipy.special.spherical_jn` and ``spherical_kn``,``spherical_yn``,``spherical_in``. The following functions in `scipy.constants` are deprecated: ``C2K``,``K2C``,"- `#5930 <https://github.com/scipy/scipy/pull/5930>`__: TST: special: silence DeprecationWarnings from sph_yn - `#5931 <https://github.com/scipy/scipy/pull/5931>`__: ENH: implement the principle branch of the logarithm of Gamma. - `#5934 <https://github.com/scipy/scipy/pull/5934>`__: Typo: ""mush"" => ""must"" - `#5935 <https://github.com/scipy/scipy/pull/5935>`__: BUG:string comparison stats._binned_statistic closes #5927 - `#5938 <https://github.com/scipy/scipy/pull/5938>`__: Cythonize stats.ks_2samp for a ~33% gain in speed. dataRST/scipy/1.0.0-notes.rst The deprecated functions ``sph_jn``",``sph_yn``,``sph_jnyn``,``sph_in``,``sph_kn``,and ``sph_inkn`` have been removed. Users should instead use the functions ``spherical_jn``,``spherical_yn``,``spherical_in``,and ``spherical_kn``. Be aware that the new functions have different signatures.,,,,,,,,,,,,,,,,,,,,,,,,,,,,,,,,,
scipy.special.sph_jnyn,scipy.special.spherical_jn,1,1,0,1,,1,['scipy.special.spherical_jn'] ['sph_jn'],dataRST/scipy/0.18.0-notes.rst ``sph_jnyn`` and ``sph_inkn`` have been deprecated in favor of `scipy.special.spherical_jn` and ``spherical_kn``,``spherical_yn``,``spherical_in``. The following functions in `scipy.constants` are deprecated: ``C2K``,``K2C``,``C2F``,``F2C``,``F2K`` and ``K2F``. They are superceded by a new function dataRST/scipy/1.0.0-notes.rst The deprecated functions ``sph_jn``,``sph_yn``,``sph_jnyn``,``sph_in``,``sph_kn``,and ``sph_inkn`` have been removed. Users should instead use the functions ``spherical_jn``,``spherical_yn``,``spherical_in``,and ``spherical_kn``. Be aware that the new functions have different signatures.,,,,,,,,,,,,,,,,,,,,,,,,,,,,,,,,,,,,
scipy.special.sph_inkn,scipy.special.spherical_jn,1,1,1,1,,1,['scipy.special.spherical_jn'],dataRST/scipy/0.18.0-notes.rst ``sph_jnyn`` and ``sph_inkn`` have been deprecated in favor of `scipy.special.spherical_jn` and ``spherical_kn``,``spherical_yn``,``spherical_in``. The following functions in `scipy.constants` are deprecated: ``C2K``,``K2C``,``C2F``,``F2C``,``F2K`` and ``K2F``. They are superceded by a new function dataRST/scipy/1.0.0-notes.rst ``sph_kn``,and ``sph_inkn`` have been removed. Users should instead use the functions ``spherical_jn``,``spherical_yn``,``spherical_in``,and ``spherical_kn``. Be aware that the new functions have different signatures. The cross-class properties of `scipy.signal.lti` systems have been removed.,,,,,,,,,,,,,,,,,,,,,,,,,,,,,,,,,,,,,,,,
scipy.constants.C2K,scipy.constants.convert_temperature,1,1,1,1,,1,['scipy.constants.convert_temperature'],dataRST/scipy/0.18.0-notes.rst The following functions in `scipy.constants` are deprecated: ``C2K``,``K2C``,``C2F``,``F2C``,``F2K`` and ``K2F``. They are superceded by a new function `scipy.constants.convert_temperature` that can perform all those conversions plus to/from the Rankine temperature scale. Backwards incompatible changes dataRST/scipy/1.0.0-notes.rst The deprecated functions ``C2K``,``K2C``,``F2C``,``C2F``,``F2K`` and ``K2F`` have been removed from `scipy.constants`. The deprecated ``ppform`` class was removed from `scipy.interpolate`. The deprecated keyword ``iprint`` was removed from `scipy.optimize.fmin_cobyla`. The default value for the ``zero_phase`` keyword of `scipy.signal.decimate`,,,,,,,,,,,,,,,,,,,,,,,,,,,,,,,,,,,,,,,,,,
scipy.constants.K2C,scipy.constants.convert_temperature,1,1,1,1,,1,['scipy.constants.convert_temperature'] ['C2K'],dataRST/scipy/0.18.0-notes.rst The following functions in `scipy.constants` are deprecated: ``C2K``,``K2C``,``C2F``,``F2C``,``F2K`` and ``K2F``. They are superceded by a new function `scipy.constants.convert_temperature` that can perform all those conversions plus to/from the Rankine temperature scale. Backwards incompatible changes dataRST/scipy/1.0.0-notes.rst The deprecated functions ``C2K``,``K2C``,``F2C``,``C2F``,``F2K`` and ``K2F`` have been removed from `scipy.constants`. The deprecated ``ppform`` class was removed from `scipy.interpolate`. The deprecated keyword ``iprint`` was removed from `scipy.optimize.fmin_cobyla`. The default value for the ``zero_phase`` keyword of `scipy.signal.decimate`,,,,,,,,,,,,,,,,,,,,,,,,,,,,,,,,,,,,,,,,,,
scipy.constants.C2F,scipy.constants.convert_temperature,1,1,1,1,,1,['scipy.constants.convert_temperature'] ['C2K'],dataRST/scipy/0.18.0-notes.rst ``C2F``,``F2C``,``F2K`` and ``K2F``. They are superceded by a new function `scipy.constants.convert_temperature` that can perform all those conversions plus to/from the Rankine temperature scale. Backwards incompatible changes ============================== dataRST/scipy/1.0.0-notes.rst The deprecated functions ``C2K``,``K2C``,``F2C``,``C2F``,``F2K`` and ``K2F`` have been removed from `scipy.constants`. The deprecated ``ppform`` class was removed from `scipy.interpolate`. The deprecated keyword ``iprint`` was removed from `scipy.optimize.fmin_cobyla`. The default value for the ``zero_phase`` keyword of `scipy.signal.decimate`,,,,,,,,,,,,,,,,,,,,,,,,,,,,,,,,,,,,,,,,,,,,
scipy.constants.F2C,scipy.constants.convert_temperature,1,1,1,1,,1,['scipy.constants.convert_temperature'] ['C2K'],dataRST/scipy/0.18.0-notes.rst ``C2F``,``F2C``,``F2K`` and ``K2F``. They are superceded by a new function `scipy.constants.convert_temperature` that can perform all those conversions plus to/from the Rankine temperature scale. Backwards incompatible changes ============================== dataRST/scipy/1.0.0-notes.rst The deprecated functions ``C2K``,``K2C``,``F2C``,``C2F``,``F2K`` and ``K2F`` have been removed from `scipy.constants`. The deprecated ``ppform`` class was removed from `scipy.interpolate`. The deprecated keyword ``iprint`` was removed from `scipy.optimize.fmin_cobyla`. The default value for the ``zero_phase`` keyword of `scipy.signal.decimate` dataRST/scipy/1.1.0-notes.rst `scipy.linalg.rsf2csf`. `scipy.misc` improvements ------------------------- An electrocardiogram has been added as an example dataset for a one-dimensional signal. It can be accessed through,,,,,,,,,,,,,,,,,,,,,,,,,,,,,,,,,,,,,,,,,,,,
scipy.constants.F2K,scipy.constants.convert_temperature,1,1,1,1,,1,['scipy.constants.convert_temperature'] ['C2K'],dataRST/scipy/0.18.0-notes.rst ``C2F``,``F2C``,``F2K`` and ``K2F``. They are superceded by a new function `scipy.constants.convert_temperature` that can perform all those conversions plus to/from the Rankine temperature scale. Backwards incompatible changes ============================== dataRST/scipy/1.0.0-notes.rst The deprecated functions ``C2K``,``K2C``,``F2C``,``C2F``,``F2K`` and ``K2F`` have been removed from `scipy.constants`. The deprecated ``ppform`` class was removed from `scipy.interpolate`. The deprecated keyword ``iprint`` was removed from `scipy.optimize.fmin_cobyla`. The default value for the ``zero_phase`` keyword of `scipy.signal.decimate`,,,,,,,,,,,,,,,,,,,,,,,,,,,,,,,,,,,,,,,,,,,,
scipy.constants.K2F,scipy.constants.convert_temperature,1,1,1,1,,1,['scipy.constants.convert_temperature'],dataRST/scipy/0.18.0-notes.rst ``C2F``,``F2C``,``F2K`` and ``K2F``. They are superceded by a new function `scipy.constants.convert_temperature` that can perform all those conversions plus to/from the Rankine temperature scale. Backwards incompatible changes ============================== dataRST/scipy/1.0.0-notes.rst ``K2F`` have been removed from `scipy.constants`. The deprecated ``ppform`` class was removed from `scipy.interpolate`. The deprecated keyword ``iprint`` was removed from `scipy.optimize.fmin_cobyla`. The default value for the ``zero_phase`` keyword of `scipy.signal.decimate` has been changed to True.,,,,,,,,,,,,,,,,,,,,,,,,,,,,,,,,,,,,,,,,,,,,,,,,
scipy.stats.histogram,numpy.histogram,1,1,1,1,,1,['numpy.histogram2d'] ['np.histogram'],dataRST/scipy/0.16.0-notes.rst ``scipy.stats.histogram2`` is deprecated. This function is unnecessary,``numpy.histogram2d`` can be used instead. Backwards incompatible changes ============================== The deprecated global optimizer ``scipy.optimize.anneal`` was removed. - `#4655 <https://github.com/scipy/scipy/pull/4655>`__: DEP: deprecate scipy.stats.histogram2 in favour of np.histogram2d - `#4656 <https://github.com/scipy/scipy/pull/4656>`__: DEP: deprecate scipy.stats.signaltonoise - `#4660 <https://github.com/scipy/scipy/pull/4660>`__: Avoid extra copy for sparse compressed [:,seq] and [seq,:]... - `#4661 <https://github.com/scipy/scipy/pull/4661>`__: Clean,rebase of #4478,adding ?gelsy and ?gelsd wrappers - `#4662 <https://github.com/scipy/scipy/pull/4662>`__: MAINT: Correct odeint messages dataRST/scipy/0.17.0-notes.rst ``scipy.stats.histogram`` is deprecated in favor of ``np.histogram``,which is faster and provides the same functionality. ``scipy.stats.threshold`` and ``scipy.mstats.threshold`` are deprecated in favor of ``np.clip``. See issue #617 for details. ``scipy.stats.ss`` is deprecated. This is a support function,not meant to,,,,,,,,,,,,,,,,,,,,,,,,,,,,,,,,,,,,,,,,,,,
scipy.stats.threshold,numpy.clip,1,1,1,,,1,['np.clip'],dataRST/scipy/0.17.0-notes.rst ``scipy.stats.threshold`` and ``scipy.mstats.threshold`` are deprecated in favor of ``np.clip``. See issue #617 for details. ``scipy.stats.ss`` is deprecated. This is a support function,not meant to be exposed to the user. Also,the name is unclear. See issue #663 for details. ``scipy.stats.square_of_sums`` is deprecated. This too is a support function - `#4976 <https://github.com/scipy/scipy/pull/4976>`__: DEP: deprecate `scipy.stats.threshold` - `#4977 <https://github.com/scipy/scipy/pull/4977>`__: MAINT: more careful dtype treatment in block diagonal matrix... - `#4979 <https://github.com/scipy/scipy/pull/4979>`__: ENH: distributions,complex arguments - `#4984 <https://github.com/scipy/scipy/pull/4984>`__: clarify dirichlet distribution error handling - `#4992 <https://github.com/scipy/scipy/pull/4992>`__: ENH: `stats.fligner` and `stats.bartlett` empty input handling.,,,,,,,,,,,,,,,,,,,,,,,,,,,,,,,,,,,,,,,,,,,,,,,
scipy.mstats.threshold,np.clip,1,1,1,,,1,['np.clip'],dataRST/scipy/0.17.0-notes.rst ``scipy.stats.threshold`` and ``scipy.mstats.threshold`` are deprecated in favor of ``np.clip``. See issue #617 for details. ``scipy.stats.ss`` is deprecated. This is a support function,not meant to be exposed to the user. Also,the name is unclear. See issue #663 for details. ``scipy.stats.square_of_sums`` is deprecated. This too is a support function,,,,,,,,,,,,,,,,,,,,,,,,,,,,,,,,,,,,,,,,,,,,,,,,
scipy.stats.chisqprob,stats.chi2.sf,1,1,1,1,,1,['stats.chi2.sf'],dataRST/scipy/0.17.0-notes.rst ``scipy.stats.chisqprob`` is deprecated. This is an alias. ``stats.chi2.sf`` should be used instead. ``scipy.stats.betai`` is deprecated. This is an alias for ``special.betainc`` which should be used instead. Backwards incompatible changes,,,,,,,,,,,,,,,,,,,,,,,,,,,,,,,,,,,,,,,,,,,,,,,,,,
scipy.stats.betai,scipy.special.betainc,1,1,1,1,,1,['special.betainc'],dataRST/scipy/0.17.0-notes.rst ``scipy.stats.betai`` is deprecated. This is an alias for ``special.betainc`` which should be used instead. Backwards incompatible changes ============================== The functions ``stats.trim1`` and ``stats.trimboth`` now make sure the,,,,,,,,,,,,,,,,,,,,,,,,,,,,,,,,,,,,,,,,,,,,,,,,,,
scipy.stats.pdf_fromgamma,statsmodels.distributions.ExpandedNormal,1,1,1,,,1,['statsmodels.distributions.ExpandedNormal'],dataRST/scipy/0.16.0-notes.rst ``scipy.stats.pdf_fromgamma`` is deprecated. This function was undocumented,untested and rarely used. Statsmodels provides equivalent functionality with ``statsmodels.distributions.ExpandedNormal``. ``scipy.stats.fastsort`` is deprecated. This function is unnecessary,``numpy.argsort`` can be used instead.,,,,,,,,,,,,,,,,,,,,,,,,,,,,,,,,,,,,,,,,,,,,,,,,
scipy.stats.fastsort,numpy.argsort,1,1,1,,,1,['numpy.argsort'],dataRST/scipy/0.16.0-notes.rst ``scipy.stats.fastsort`` is deprecated. This function is unnecessary,``numpy.argsort`` can be used instead. ``scipy.stats.signaltonoise`` and ``scipy.stats.mstats.signaltonoise`` are deprecated. These functions did not belong in ``scipy.stats`` and are rarely used. See issue #609 for details.,,,,,,,,,,,,,,,,,,,,,,,,,,,,,,,,,,,,,,,,,,,,,,,,,
scipy.stats.histogram2,numpy.histogram2d,1,1,1,,,1,['numpy.histogram2d'],dataRST/scipy/0.16.0-notes.rst ``scipy.stats.histogram2`` is deprecated. This function is unnecessary,``numpy.histogram2d`` can be used instead. Backwards incompatible changes ============================== The deprecated global optimizer ``scipy.optimize.anneal`` was removed. - `#4655 <https://github.com/scipy/scipy/pull/4655>`__: DEP: deprecate scipy.stats.histogram2 in favour of np.histogram2d - `#4656 <https://github.com/scipy/scipy/pull/4656>`__: DEP: deprecate scipy.stats.signaltonoise - `#4660 <https://github.com/scipy/scipy/pull/4660>`__: Avoid extra copy for sparse compressed [:,seq] and [seq,:]... - `#4661 <https://github.com/scipy/scipy/pull/4661>`__: Clean,rebase of #4478,adding ?gelsy and ?gelsd wrappers - `#4662 <https://github.com/scipy/scipy/pull/4662>`__: MAINT: Correct odeint messages,,,,,,,,,,,,,,,,,,,,,,,,,,,,,,,,,,,,,,,,,,,,,
scipy.signal.hanning,hann,1,1,1,,,1,['hann'],dataRST/scipy/0.18.0-notes.rst - `#5955 <https://github.com/scipy/scipy/pull/5955>`__: MAINT: Replace calls to `hanning` with `hann` - `#5956 <https://github.com/scipy/scipy/pull/5956>`__: DOC: Missing periods interfering with parsing - `#5958 <https://github.com/scipy/scipy/pull/5958>`__: MAINT: add a test for lognorm.sf underflow - `#5961 <https://github.com/scipy/scipy/pull/5961>`__: MAINT _centered(): rename size to shape - `#5962 <https://github.com/scipy/scipy/pull/5962>`__: ENH: constants: Add multi-scale temperature conversion function dataRST/scipy/1.1.0-notes.rst * `#8148 <https://github.com/scipy/scipy/pull/8148>`__: Alias hanning as an explanatory function of hann * `#8149 <https://github.com/scipy/scipy/pull/8149>`__: MAINT: special: small fixes for `digamma` * `#8159 <https://github.com/scipy/scipy/pull/8159>`__: Update version classifiers * `#8164 <https://github.com/scipy/scipy/pull/8164>`__: BUG: riccati solvers don't catch ill-conditioned problems sufficiently... * `#8168 <https://github.com/scipy/scipy/pull/8168>`__: DOC: release note for sparse resize methods,,,,,,,,,,,,,,,,,,,,,,,,,,,,,,,,,,,,,,,,,,,,,,,,,,
scipy.spatial.Rotation.match_vectors,Rotation.align_vectors,1,1,1,,,1,['Rotation.align_vectors'],dataRST/scipy/1.4.0-notes.rst Method ``Rotation.match_vectors`` was deprecated in favor of ``Rotation.align_vectors``,which provides a more logical and general API to the same functionality. The old method will be removed in SciPy 1.6.0. Backwards incompatible changes * `#10444 <https://github.com/scipy/scipy/issues/10444>`__: BUG: scipy.spatial.transform.Rotation.match_vectors returns improper... * `#10488 <https://github.com/scipy/scipy/issues/10488>`__: ENH: DCTs/DSTs for scipy.fft * `#10501 <https://github.com/scipy/scipy/issues/10501>`__: BUG: scipy.spatial.HalfspaceIntersection works incorrectly * `#10514 <https://github.com/scipy/scipy/issues/10514>`__: BUG: cKDTree GIL handling is incorrect * `#10535 <https://github.com/scipy/scipy/issues/10535>`__: TST: master branch CI failures * `#10531 <https://github.com/scipy/scipy/pull/10531>`__: BUG: fixed improper rotations in spatial.transform.rotation.match_vectors * `#10533 <https://github.com/scipy/scipy/pull/10533>`__: [DOC] Add example for winsorize function * `#10539 <https://github.com/scipy/scipy/pull/10539>`__: MAINT: special: don't register \`i0\` with \`numpy.dual\` * `#10540 <https://github.com/scipy/scipy/pull/10540>`__: MAINT: Fix Travis and Circle * `#10542 <https://github.com/scipy/scipy/pull/10542>`__: MAINT: interpolate: use cython_lapack * `#11081 <https://github.com/scipy/scipy/pull/11081>`__: API: Replace Rotation.match_vectors with align_vectors * `#11083 <https://github.com/scipy/scipy/pull/11083>`__: DOC: more 1.4.0 release note fixes * `#11092 <https://github.com/scipy/scipy/pull/11092>`__: BUG: stats: fix freezing of some distributions * `#11096 <https://github.com/scipy/scipy/pull/11096>`__: BUG: scipy.sparse.csgraph: fixed issue #10774 * `#11124 <https://github.com/scipy/scipy/pull/11124>`__: fix Cython warnings related to _stats.pyx,,,,,,,,,,,,,,,,,,,,,,,,,,,,,,,,,,,,,,,,,,,,,,,,,
scipy.spatial.transform.Rotation.as_dcm,as_matrix,1,1,1,,,1,['Rotation.align_vectors'],dataRST/scipy/1.4.0-notes.rst In `scipy.spatial.Rotation` methods ``from_dcm``,``as_dcm`` were renamed to ``from_matrix``,``as_matrix`` respectively. The old names will be removed in SciPy 1.6.0. Method ``Rotation.match_vectors`` was deprecated in favor of ``Rotation.align_vectors``,which provides a more logical and,,,,,,,,,,,,,,,,,,,,,,,,,,,,,,,,,,,,,,,,,,,,,,,
scipy.sparse.bsr_matrix.matvec,scipy.sparse.identity,1,1,1,,,1,['scipy.sparse.kron'],dataRST/scipy/0.9.0-notes.rst `listprint`,`ensure_sorted_indices`,`matvec`,`matmat` and `rmatvec`. The functions ``spkron``,``speye``,``spidentity``,``lil_eye`` and ``lil_diags`` were removed from ``scipy.sparse``. The first three functions are still available as ``scipy.sparse.kron``,``scipy.sparse.eye`` and ``scipy.sparse.identity``. dataRST/scipy/1.4.0-notes.rst for adjoint matrix-matrix multiplication,in addition to ``rmatvec``. Multiple stability updates enable float32 support in the LOBPCG eigenvalue solver for symmetric and Hermitian eigenvalues problems in ``scipy.sparse.linalg.lobpcg``. A solver for the maximum flow problem has been added as,,,,,,,,,,,,,,,,,,,,,,,,,,,,,,,,,,,,,,,,,,
scipy.linalg.expm2,scipy.linalg.expm,1,1,1,,,1,['scipy.linalg.expm'],dataRST/scipy/0.13.0-notes.rst The matrix exponential functions `scipy.linalg.expm2` and `scipy.linalg.expm3` are deprecated. All users should use the numerically more robust `scipy.linalg.expm` function instead. ``scipy.stats`` functions -------------------------,,,,,,,,,,,,,,,,,,,,,,,,,,,,,,,,,,,,,,,,,,,,,,,,,,
scipy.linalg.expm3,scipy.linalg.expm,1,1,1,,,1,['scipy.linalg.expm'],dataRST/scipy/0.13.0-notes.rst The matrix exponential functions `scipy.linalg.expm2` and `scipy.linalg.expm3` are deprecated. All users should use the numerically more robust `scipy.linalg.expm` function instead. ``scipy.stats`` functions -------------------------,,,,,,,,,,,,,,,,,,,,,,,,,,,,,,,,,,,,,,,,,,,,,,,,,,
scipy.stats.oneway,scipy.stats.f_oneway,1,1,1,,,1,['scipy.stats.f_oneway'],dataRST/scipy/0.13.0-notes.rst `scipy.stats.oneway` is deprecated; `scipy.stats.f_oneway` should be used instead. `scipy.stats.glm` is deprecated. `scipy.stats.ttest_ind` is an equivalent function; more full-featured general (and generalized) linear model implementations can be found in statsmodels.,,,,,,,,,,,,,,,,,,,,,,,,,,,,,,,,,,,,,,,,,,,,,,,,,,
scipy.stats.glm,scipy.stats.ttest_ind,1,1,1,,,1,['scipy.stats.ttest_ind'],dataRST/scipy/0.13.0-notes.rst `scipy.stats.glm` is deprecated. `scipy.stats.ttest_ind` is an equivalent function; more full-featured general (and generalized) linear model implementations can be found in statsmodels. `scipy.stats.cmedian` is deprecated; ``numpy.median`` should be used instead. Backwards incompatible changes,,,,,,,,,,,,,,,,,,,,,,,,,,,,,,,,,,,,,,,,,,,,,,,,,,
scipy.stats.cmedian,numpy.median,1,1,1,,,1,['numpy.median'],dataRST/scipy/0.13.0-notes.rst `scipy.stats.cmedian` is deprecated; ``numpy.median`` should be used instead. Backwards incompatible changes ============================== LIL matrix assignment ---------------------,,,,,,,,,,,,,,,,,,,,,,,,,,,,,,,,,,,,,,,,,,,,,,,,,,
scipy.interpolate.splmakemake_interp_spline,{'make_interp_spline'},0,0,0,1,,1,,,,,,,,,,,,,,,,,,,,,,,,,,,,,,,,,,,,,,,,,,,,,,,,,,,,
scipy.interpolate.spltopp,{'ppoly.from_spline'},0,0,0,1,,1,,,,,,,,,,,,,,,,,,,,,,,,,,,,,,,,,,,,,,,,,,,,,,,,,,,,
scipy.interpolate.spleval,{'bspline'},0,0,0,1,,1,,,,,,,,,,,,,,,,,,,,,,,,,,,,,,,,,,,,,,,,,,,,,,,,,,,,
scipy.interpolate.spline,Bspline,0,0,0,1,,1,,,,,,,,,,,,,,,,,,,,,,,,,,,,,,,,,,,,,,,,,,,,,,,,,,,,
scipy.misc.imfilter,{'pillow'},0,0,0,1,,1,,,,,,,,,,,,,,,,,,,,,,,,,,,,,,,,,,,,,,,,,,,,,,,,,,,,
scipy.stats.itemfreq,"{'np.unique(...,'}",0,0,0,1,,1,,,,,,,,,,,,,,,,,,,,,,,,,,,,,,,,,,,,,,,,,,,,,,,,,,,,
,,38,41,30,29,6,46,,,,,,,,,,,,,,,,,,,,,,,,,,,,,,,,,,,,,,,,,,,,,,,,,,,,